claim_type,status,file,line,matched_text,excerpt,guidance
unsupported_scope,CAVEATED,artifact_evaluation.md,127,DMA,"- DMA, multicore ordering, cache-coherence behavior, analog device state, and broad platform replay are not claimed.",Scope expansion terms are only allowed in explicit limitation or do-not-claim contexts.
unsupported_scope,CAVEATED,artifact_evaluation.md,127,multicore,"- DMA, multicore ordering, cache-coherence behavior, analog device state, and broad platform replay are not claimed.",Scope expansion terms are only allowed in explicit limitation or do-not-claim contexts.
asic_power_claim,CAVEATED,artifact_evaluation.md,128,ASIC,- No ASIC area or power claim is made.,ASIC and power wording is only allowed when stating that no ASIC/power claim is made.
asic_power_claim,CAVEATED,artifact_evaluation.md,128,power,- No ASIC area or power claim is made.,ASIC and power wording is only allowed when stating that no ASIC/power claim is made.
unsupported_scope,CAVEATED,docs/architecture.md,283,DMA,"- DMA, coherent caches, self-modifying external instruction memory, and other",Scope expansion terms are only allowed in explicit limitation or do-not-claim contexts.
minimality_claim,CAVEATED,docs/capsule_format.md,170,minimal,They are not required for minimal event-sufficient replay unless a property or,Minimality wording is only allowed in explicit limitation or do-not-claim contexts.
asic_power_claim,CAVEATED,docs/conference_readiness_dashboard.md,28,ASIC,- ASIC area or power.,ASIC and power wording is only allowed when stating that no ASIC/power claim is made.
asic_power_claim,CAVEATED,docs/conference_readiness_dashboard.md,28,power,- ASIC area or power.,ASIC and power wording is only allowed when stating that no ASIC/power claim is made.
unsupported_scope,CAVEATED,docs/conference_readiness_dashboard.md,30,Multicore,"- Multicore, DMA, cache-coherent, or broad platform support.",Scope expansion terms are only allowed in explicit limitation or do-not-claim contexts.
unsupported_scope,CAVEATED,docs/conference_readiness_dashboard.md,30,DMA,"- Multicore, DMA, cache-coherent, or broad platform support.",Scope expansion terms are only allowed in explicit limitation or do-not-claim contexts.
unsupported_scope,CAVEATED,docs/conference_readiness_dashboard.md,30,cache-coherent,"- Multicore, DMA, cache-coherent, or broad platform support.",Scope expansion terms are only allowed in explicit limitation or do-not-claim contexts.
trace_replacement_claim,CAVEATED,docs/conference_readiness_dashboard.md,31,Replacement for RISC-V trace,- Replacement for RISC-V trace/debug standards.,Do not claim replacement for trace/debug standards.
unsupported_scope,CAVEATED,docs/conference_readiness_dashboard.md,32,universal,- Globally smallest trace or universal deterministic replay.,Scope expansion terms are only allowed in explicit limitation or do-not-claim contexts.
unsupported_scope,CAVEATED,docs/event_model.md,28,Multicore,"- Multicore races, cache-coherence behavior, and shared-memory interleavings.",Scope expansion terms are only allowed in explicit limitation or do-not-claim contexts.
unsupported_scope,CAVEATED,docs/event_model.md,113,DMA,"Asynchronous events, including interrupt-line changes and DMA-like memory",Scope expansion terms are only allowed in explicit limitation or do-not-claim contexts.
unsupported_scope,CAVEATED,docs/event_model.md,146,DMA,- `external_memory_write`: DMA or another external agent mutating replay-visible,Scope expansion terms are only allowed in explicit limitation or do-not-claim contexts.
asic_power_claim,CAVEATED,docs/figure_plan.md,16,ASIC,"| Requires expanded mapped FPGA flow | Needs another mapped target, ASIC flow, or optimized implementation beyond the locked same-target ECP5 evidence. |",ASIC and power wording is only allowed when stating that no ASIC/power claim is made.
synthesizable_replay_consume_claim,CAVEATED,docs/final_submission_blockers.md,13,synthesizable replay-consume,| Host-driven replay consume path | Do not claim a synthesizable replay-consume datapath. |,Synthesizable replay-consume wording is only allowed in limitation contexts.
unsupported_scope,CAVEATED,docs/final_submission_blockers.md,14,multicore,"| Single-hart RV32I scope | Do not claim multicore, DMA, or cache-coherence support. |",Scope expansion terms are only allowed in explicit limitation or do-not-claim contexts.
unsupported_scope,CAVEATED,docs/final_submission_blockers.md,14,DMA,"| Single-hart RV32I scope | Do not claim multicore, DMA, or cache-coherence support. |",Scope expansion terms are only allowed in explicit limitation or do-not-claim contexts.
asic_power_claim,CAVEATED,docs/final_submission_blockers.md,16,ASIC,"| No ASIC flow | Do not claim ASIC area, timing, or power. |",ASIC and power wording is only allowed when stating that no ASIC/power claim is made.
asic_power_claim,CAVEATED,docs/final_submission_blockers.md,16,ASIC,"| No ASIC flow | Do not claim ASIC area, timing, or power. |",ASIC and power wording is only allowed when stating that no ASIC/power claim is made.
asic_power_claim,CAVEATED,docs/final_submission_blockers.md,16,power,"| No ASIC flow | Do not claim ASIC area, timing, or power. |",ASIC and power wording is only allowed when stating that no ASIC/power claim is made.
synthesizable_replay_consume_claim,CAVEATED,docs/firmware_sim.md,58,synthesizable replay-consume,"Rows marked `firmware-sim` do not by themselves prove PicoRV32 firmware-running RTL replay. The current host-driven Verilator ledger reports 45/45 evaluated record/replay PASS rows, while compiler-backed firmware builds, mapped timing, and a synthesizable replay-consume datapath remain out of scope for this evidence level.",Synthesizable replay-consume wording is only allowed in limitation contexts.
first_claim,CAVEATED,docs/gate_status.md,38,first ever,"| Gate 1: Novelty gate | `docs/novelty_matrix.md` clearly shows what is known, what is not claimed, and the precise contribution. | Complete | `docs/novelty_matrix.md`, `docs/related_work_matrix.md`, `paper/related_work.md`, and `docs/rebuttal_preparation.md` scope the claim to event-sufficient replay for single-hart RV32I interrupt/MMIO failures and warn against ""first ever"" and generic trace-compression claims. | Several related-work entries remain high-level; final paper text should avoid stronger mechanism, overhead, or superiority claims unless the survey is deepened. |",Avoid first-ever claims unless a systematic survey supports them.
synthesizable_replay_consume_claim,CAVEATED,docs/gate_status.md,41,synthesizable replay-consume,"| Gate 4: Replay gate | At least 5 bug benchmarks reproduce the same failure from capsules. | Complete at evaluated host-driven RTL scope | `results/processed/replay_experiments.csv` reports six model-level and six RV32I firmware-sim commit-index replay PASS rows. `results/processed/replay_negative_tests.csv` reports benchmark-derived comparator positive/negative fixture checks across commit-index and cycle-index modes. `results/processed/benchmark_coverage.csv` reports six PASS_LOCAL benchmark rows across model, firmware-sim, wrapper-smoke, export, alignment, and sufficiency evidence. `results/processed/randomized_interrupt_campaign.csv`, `results/processed/randomized_interrupt_summary.csv`, `results/processed/randomized_interrupt_coverage.csv`, and `results/processed/randomized_interrupt_corruption.csv` report seeded RTL-smoke interrupt-race capsule-digest reproducibility, MMIO wait-state latency cases, and seed-specific corruption rejection. `results/processed/rtl_capsule_exports.csv` reports twelve RTL-smoke capsule export parse/self/missing-event/duplicate-event/metadata-corruption/payload-corruption/order-corruption/PC-context PASS rows. `results/processed/rtl_firmware_alignment.csv` reports twelve RTL-smoke versus firmware-sim property/key-event alignment PASS rows. `results/processed/full_rtl_replay.csv` reports 45/45 compiler-backed full RTL record/replay PASS rows, and `results/processed/full_rtl_replay_negative.csv` reports 10 replay-critical corruption rejections plus 2 not-applicable cases. | The full RTL replay path is host-driven in Verilator; no synthesizable replay-consume datapath is claimed. |",Synthesizable replay-consume wording is only allowed in limitation contexts.
first_claim,CAVEATED,docs/gate_status.md,47,first ever,"| Gate 10: Honesty gate | No fake numbers, no fake claims, no unsupported ""first ever""; all limitations are documented. | Complete | `docs/limitations.md`, `paper/limitations.md`, `docs/novelty_matrix.md`, `docs/related_work_matrix.md`, `artifact_evaluation.md`, generated TODO/NA rows for genuinely out-of-scope metrics, and `results/processed/claim_audit.csv` document unsafe claims. | Preserve NA rows where a metric is not claimed, and avoid expanding beyond the evidence. |",Avoid first-ever claims unless a systematic survey supports them.
asic_power_claim,CAVEATED,docs/gate_status.md,80,ASIC,"single-hart RV32I interrupt/MMIO focus, no ASIC/power claim, and high prototype",ASIC and power wording is only allowed when stating that no ASIC/power claim is made.
asic_power_claim,CAVEATED,docs/gate_status.md,80,power,"single-hart RV32I interrupt/MMIO focus, no ASIC/power claim, and high prototype",ASIC and power wording is only allowed when stating that no ASIC/power claim is made.
unsupported_scope,CAVEATED,docs/limitations.md,17,multicore,- multicore replay,Scope expansion terms are only allowed in explicit limitation or do-not-claim contexts.
unsupported_scope,CAVEATED,docs/limitations.md,19,DMA,- DMA unless represented as modeled events,Scope expansion terms are only allowed in explicit limitation or do-not-claim contexts.
guarantee_claim,CAVEATED,docs/limitations.md,21,guarantees,- undefined C behavior guarantees,Guarantees must be scoped to stated assumptions and generated evidence.
synthesizable_replay_consume_claim,CAVEATED,docs/limitations.md,30,synthesizable replay-consume,- The replay-consume path is host-driven in the Verilator harness; no synthesizable replay-consume datapath is claimed.,Synthesizable replay-consume wording is only allowed in limitation contexts.
asic_power_claim,CAVEATED,docs/limitations.md,31,power,"- Runtime overhead rows report Verilator cycle, commit, and simulator wall-clock measurements; they are not hardware runtime, energy, or power claims.",ASIC and power wording is only allowed when stating that no ASIC/power claim is made.
asic_power_claim,CAVEATED,docs/limitations.md,32,ASIC,"- The ECP5 mapped implementation is a board-level feasibility and overhead measurement, not an area-optimized implementation and not an ASIC result.",ASIC and power wording is only allowed when stating that no ASIC/power claim is made.
asic_power_claim,CAVEATED,docs/main_track_readiness_review.md,18,ASIC,- weaknesses: no ASIC area or power.,ASIC and power wording is only allowed when stating that no ASIC/power claim is made.
asic_power_claim,CAVEATED,docs/main_track_readiness_review.md,18,power,- weaknesses: no ASIC area or power.,ASIC and power wording is only allowed when stating that no ASIC/power claim is made.
asic_power_claim,CAVEATED,docs/main_track_submission_review.md,18,ASIC,- weaknesses: no ASIC area or power.,ASIC and power wording is only allowed when stating that no ASIC/power claim is made.
asic_power_claim,CAVEATED,docs/main_track_submission_review.md,18,power,- weaknesses: no ASIC area or power.,ASIC and power wording is only allowed when stating that no ASIC/power claim is made.
first_claim,CAVEATED,docs/novelty_matrix.md,11,first deterministic,"Do not claim first deterministic replay, first hardware replay, first embedded logging, first RISC-V trace, or full-device determinism.",Avoid first-ever claims unless a systematic survey supports them.
first_claim,CAVEATED,docs/novelty_matrix.md,11,first hardware,"Do not claim first deterministic replay, first hardware replay, first embedded logging, first RISC-V trace, or full-device determinism.",Avoid first-ever claims unless a systematic survey supports them.
first_claim,CAVEATED,docs/novelty_matrix.md,11,first embedded,"Do not claim first deterministic replay, first hardware replay, first embedded logging, first RISC-V trace, or full-device determinism.",Avoid first-ever claims unless a systematic survey supports them.
first_claim,CAVEATED,docs/novelty_matrix.md,11,first RISC-V,"Do not claim first deterministic replay, first hardware replay, first embedded logging, first RISC-V trace, or full-device determinism.",Avoid first-ever claims unless a systematic survey supports them.
minimality_claim,CAVEATED,docs/novelty_matrix.md,17,minimal,"| Event-sufficient failure capsule instead of full instruction/signal trace | ReTrace logs minimal VM nondeterminism and expands traces later; E-Trace/N-Trace reconstruct control flow; post-silicon debug compresses/selects internal trace signals. | Medium | ""ReplayCapsule-RV targets a replay-driving event capsule rather than a full instruction trace or internal signal trace."" | Formal event-sufficiency definition; proof sketch or replay equivalence argument; measured capsule size versus clear baselines. |",Minimality wording is only allowed in explicit limitation or do-not-claim contexts.
asic_power_claim,CAVEATED,docs/novelty_matrix.md,21,power,"| Hardware-assisted capture | Security Capsules, Hassert, hardware runtime verification, FPGA monitors, debug modules, and post-silicon trace buffers already add hardware observers/checkers. | Medium | ""ReplayCapsule-RV uses hardware assist for replay capture rather than for assertion checking, security monitoring, or generic observability."" | RTL/spec for capture unit; synthesis area/timing/power; perturbation analysis. |",ASIC and power wording is only allowed when stating that no ASIC/power claim is made.
minimality_claim,CAVEATED,docs/novelty_matrix.md,38,minimal,| ReTrace | Do not claim minimal-nondeterminism replay is new. | ReplayCapsule-RV moves the idea from VM/IA32 software replay to an embedded RV32I hardware event boundary. |,Minimality wording is only allowed in explicit limitation or do-not-claim contexts.
first_claim,CAVEATED,docs/novelty_matrix.md,41,first embedded,| FlashBox | Do not claim first embedded nondeterministic event logger. | ReplayCapsule-RV can claim a richer RV32I replay contract if it demonstrably includes interrupt timing and MMIO observations. |,Avoid first-ever claims unless a systematic survey supports them.
first_claim,CAVEATED,docs/novelty_matrix.md,53,first hardware,> ReplayCapsule-RV is the first hardware deterministic replay system for RISC-V.,Avoid first-ever claims unless a systematic survey supports them.
trace_replacement_claim,CAVEATED,docs/novelty_matrix.md,55,replaces E-Trace,> ReplayCapsule-RV replaces E-Trace/N-Trace.,Do not claim replacement for trace/debug standards.
guarantee_claim,CAVEATED,docs/novelty_matrix.md,57,guarantees,> ReplayCapsule-RV guarantees deterministic replay for arbitrary peripherals.,Guarantees must be scoped to stated assumptions and generated evidence.
asic_power_claim,CAVEATED,docs/phase_status.md,28,ASIC,"| 6 | Runtime overhead | Complete | `results/processed/runtime_overhead.csv` and `runtime_overhead_summary.csv` | Measurements are harness-level, not an ASIC or deployment proof |",ASIC and power wording is only allowed when stating that no ASIC/power claim is made.
asic_power_claim,CAVEATED,docs/phase_status.md,29,ASIC,"| 7 | Synthesis and mapped overhead | Complete | `results/processed/mapped_synthesis.csv`, `mapped_overhead.csv`, `mapped_recorder_presence.csv`, and `full_core_mapped_summary.csv` | ECP5 prototype is not area-optimized; no ASIC area/power claim |",ASIC and power wording is only allowed when stating that no ASIC/power claim is made.
asic_power_claim,CAVEATED,docs/phase_status.md,29,power,"| 7 | Synthesis and mapped overhead | Complete | `results/processed/mapped_synthesis.csv`, `mapped_overhead.csv`, `mapped_recorder_presence.csv`, and `full_core_mapped_summary.csv` | ECP5 prototype is not area-optimized; no ASIC area/power claim |",ASIC and power wording is only allowed when stating that no ASIC/power claim is made.
asic_power_claim,CAVEATED,docs/phase_status.md,41,ASIC,"consume, no ASIC/power claim, and high prototype overhead.",ASIC and power wording is only allowed when stating that no ASIC/power claim is made.
asic_power_claim,CAVEATED,docs/phase_status.md,41,power,"consume, no ASIC/power claim, and high prototype overhead.",ASIC and power wording is only allowed when stating that no ASIC/power claim is made.
unsupported_scope,CAVEATED,docs/proof_obligation_matrix.md,21,DMA,| PO-07 | A8 external memory mutation contract: External architectural mutations must be captured as ordered boundary events when present. | ASSUMPTION_ONLY | documentation | formal/assumptions.md; docs/event_model.md; docs/capsule_format.md | The current six workloads do not include DMA or external RAM mutation RTL tests; the contract is specified but not exercised. |,Scope expansion terms are only allowed in explicit limitation or do-not-claim contexts.
first_claim,CAVEATED,docs/rebuttal_preparation.md,23,first ever,- first ever deterministic replay,Avoid first-ever claims unless a systematic survey supports them.
first_claim,CAVEATED,docs/rebuttal_preparation.md,24,first ever,- first ever hardware monitor,Avoid first-ever claims unless a systematic survey supports them.
minimality_claim,CAVEATED,docs/rebuttal_preparation.md,25,minimality,- general minimality for all systems,Minimality wording is only allowed in explicit limitation or do-not-claim contexts.
unsupported_scope,CAVEATED,docs/rebuttal_preparation.md,26,multicore,- multicore/cache/DMA support,Scope expansion terms are only allowed in explicit limitation or do-not-claim contexts.
unsupported_scope,CAVEATED,docs/rebuttal_preparation.md,26,DMA,- multicore/cache/DMA support,Scope expansion terms are only allowed in explicit limitation or do-not-claim contexts.
asic_power_claim,CAVEATED,docs/rebuttal_preparation.md,27,ASIC,- ASIC tapeout or FPGA measurements not actually performed,ASIC and power wording is only allowed when stating that no ASIC/power claim is made.
unsupported_scope,CAVEATED,docs/related_work_matrix.md,22,multicore,"- explicit exclusions for multicore races, DMA or external memory writers unless separately modeled, arbitrary peripheral modeling, analog timing, and undefined behavior.",Scope expansion terms are only allowed in explicit limitation or do-not-claim contexts.
unsupported_scope,CAVEATED,docs/related_work_matrix.md,22,DMA,"- explicit exclusions for multicore races, DMA or external memory writers unless separately modeled, arbitrary peripheral modeling, analog timing, and undefined behavior.",Scope expansion terms are only allowed in explicit limitation or do-not-claim contexts.
first_claim,CAVEATED,docs/related_work_matrix.md,30,First FPGA,"| ENCORE: Efficient Architecture Verification Framework with FPGA Acceleration | Verified high level. ACM DOI 10.1145/3543622.3573187 and SIGDA FPGA 2023 TOC describe DUT and software emulator running simultaneously on the same FPGA, with hardware modules monitoring/comparing key registers and pausing on mismatches. | FPGA-accelerated processor architecture verification using a DUT plus reference emulator, dynamic comparison, and mismatch stop. Used for processor verification/debug rather than field-style replay. | Close because it co-executes hardware with a reference model and stops at divergent architectural state, a debugging use case near deterministic replay. | ReplayCapsule-RV should not depend on concurrent golden-model lockstep as its novelty. It aims at recording event-sufficient nondeterminism for replay of a single RV32I embedded failure with interrupts/MMIO, not broad CPU architecture verification. | ""First FPGA-accelerated RISC-V verification""; ""beats ENCORE""; ""full reference-model equivalence""; ""coverage improvement"" without an evaluation. | ""ENCORE validates processor behavior by live differential checking; ReplayCapsule-RV instead packages the external events needed to replay a failure path."" |",Avoid first-ever claims unless a systematic survey supports them.
guarantee_claim,CAVEATED,docs/related_work_matrix.md,31,guarantee,"| RISC-V E-Trace | Verified. Official RISC-V Efficient Trace for RISC-V v2.0 is ratified. It defines branch/delta trace, reporting PC discontinuities, branch outcomes, trap transitions, sync, optional timestamp/context/data payloads, and requires the decoder to have the program binary. | Efficient instruction trace for RISC-V: reconstructs instruction flow from a known start address plus encoded discontinuities. It covers jumps, branches, interrupts/exceptions that take traps, synchronization, filtering, timestamping, payload, and data-trace payload options. | Very close because it already traces interrupts/exceptions and can reconstruct the retired instruction stream. | E-Trace is a trace protocol, not by itself a deterministic replay contract. ReplayCapsule-RV's local contract does not store full instruction trace; it stores commit-indexed replay events such as `IRQ_LEVEL`, `MMIO_READ`, and `MMIO_WRITE`. E-Trace does not by itself guarantee MMIO read values, peripheral state, interrupt injection schedule relative to replay execution, or a compact failure capsule sufficient to drive an RV32I replay engine. | ""E-Trace cannot handle interrupts""; ""ReplayCapsule-RV replaces E-Trace""; ""more compressed than E-Trace""; ""supports all E-Trace semantics"" without implementation. | ""ReplayCapsule-RV is complementary to E-Trace: E-Trace reconstructs control flow; ReplayCapsule-RV focuses on replay-driving events, especially MMIO observations and interrupt delivery."" |",Guarantees must be scoped to stated assumptions and generated evidence.
trace_replacement_claim,CAVEATED,docs/related_work_matrix.md,31,replaces E-Trace,"| RISC-V E-Trace | Verified. Official RISC-V Efficient Trace for RISC-V v2.0 is ratified. It defines branch/delta trace, reporting PC discontinuities, branch outcomes, trap transitions, sync, optional timestamp/context/data payloads, and requires the decoder to have the program binary. | Efficient instruction trace for RISC-V: reconstructs instruction flow from a known start address plus encoded discontinuities. It covers jumps, branches, interrupts/exceptions that take traps, synchronization, filtering, timestamping, payload, and data-trace payload options. | Very close because it already traces interrupts/exceptions and can reconstruct the retired instruction stream. | E-Trace is a trace protocol, not by itself a deterministic replay contract. ReplayCapsule-RV's local contract does not store full instruction trace; it stores commit-indexed replay events such as `IRQ_LEVEL`, `MMIO_READ`, and `MMIO_WRITE`. E-Trace does not by itself guarantee MMIO read values, peripheral state, interrupt injection schedule relative to replay execution, or a compact failure capsule sufficient to drive an RV32I replay engine. | ""E-Trace cannot handle interrupts""; ""ReplayCapsule-RV replaces E-Trace""; ""more compressed than E-Trace""; ""supports all E-Trace semantics"" without implementation. | ""ReplayCapsule-RV is complementary to E-Trace: E-Trace reconstructs control flow; ReplayCapsule-RV focuses on replay-driving events, especially MMIO observations and interrupt delivery."" |",Do not claim replacement for trace/debug standards.
first_claim,CAVEATED,docs/related_work_matrix.md,35,first deterministic,"| ReTrace: VM deterministic replay for trace collection | Verified. Public PDF describes ReTrace as a VMware-based two-step flow: capture minimal nondeterminism during VM execution, then expand during deterministic replay into instruction, memory-reference, or device-event traces. It records/replays guest execution at the IA32 ISA layer and is implemented in software. | Full VM record/replay used to avoid trace distortion and generate detailed traces offline. Logs nondeterminism rather than full traces during capture. | Very close conceptually: record minimal nondeterminism, replay later, expand detail offline. | ReplayCapsule-RV is not VM-based, not IA32, and not full-system virtualization. Its local event model is commit-indexed at a single RV32I hart and defines MMIO reads as replay inputs, MMIO writes as checked observations, and interrupts as boundary events. | ""First to log nondeterminism for later trace expansion""; ""first deterministic replay""; ""same as ReTrace but hardware"" without showing what hardware changes. | ""ReplayCapsule-RV adapts the minimal-nondeterminism replay idea to a bare-metal/embedded RISC-V interrupt/MMIO boundary rather than a virtual-machine boundary."" |",Avoid first-ever claims unless a systematic survey supports them.
minimality_claim,CAVEATED,docs/related_work_matrix.md,35,minimal,"| ReTrace: VM deterministic replay for trace collection | Verified. Public PDF describes ReTrace as a VMware-based two-step flow: capture minimal nondeterminism during VM execution, then expand during deterministic replay into instruction, memory-reference, or device-event traces. It records/replays guest execution at the IA32 ISA layer and is implemented in software. | Full VM record/replay used to avoid trace distortion and generate detailed traces offline. Logs nondeterminism rather than full traces during capture. | Very close conceptually: record minimal nondeterminism, replay later, expand detail offline. | ReplayCapsule-RV is not VM-based, not IA32, and not full-system virtualization. Its local event model is commit-indexed at a single RV32I hart and defines MMIO reads as replay inputs, MMIO writes as checked observations, and interrupts as boundary events. | ""First to log nondeterminism for later trace expansion""; ""first deterministic replay""; ""same as ReTrace but hardware"" without showing what hardware changes. | ""ReplayCapsule-RV adapts the minimal-nondeterminism replay idea to a bare-metal/embedded RISC-V interrupt/MMIO boundary rather than a virtual-machine boundary."" |",Minimality wording is only allowed in explicit limitation or do-not-claim contexts.
minimality_claim,CAVEATED,docs/related_work_matrix.md,35,minimal,"| ReTrace: VM deterministic replay for trace collection | Verified. Public PDF describes ReTrace as a VMware-based two-step flow: capture minimal nondeterminism during VM execution, then expand during deterministic replay into instruction, memory-reference, or device-event traces. It records/replays guest execution at the IA32 ISA layer and is implemented in software. | Full VM record/replay used to avoid trace distortion and generate detailed traces offline. Logs nondeterminism rather than full traces during capture. | Very close conceptually: record minimal nondeterminism, replay later, expand detail offline. | ReplayCapsule-RV is not VM-based, not IA32, and not full-system virtualization. Its local event model is commit-indexed at a single RV32I hart and defines MMIO reads as replay inputs, MMIO writes as checked observations, and interrupts as boundary events. | ""First to log nondeterminism for later trace expansion""; ""first deterministic replay""; ""same as ReTrace but hardware"" without showing what hardware changes. | ""ReplayCapsule-RV adapts the minimal-nondeterminism replay idea to a bare-metal/embedded RISC-V interrupt/MMIO boundary rather than a virtual-machine boundary."" |",Minimality wording is only allowed in explicit limitation or do-not-claim contexts.
minimality_claim,CAVEATED,docs/related_work_matrix.md,35,minimal,"| ReTrace: VM deterministic replay for trace collection | Verified. Public PDF describes ReTrace as a VMware-based two-step flow: capture minimal nondeterminism during VM execution, then expand during deterministic replay into instruction, memory-reference, or device-event traces. It records/replays guest execution at the IA32 ISA layer and is implemented in software. | Full VM record/replay used to avoid trace distortion and generate detailed traces offline. Logs nondeterminism rather than full traces during capture. | Very close conceptually: record minimal nondeterminism, replay later, expand detail offline. | ReplayCapsule-RV is not VM-based, not IA32, and not full-system virtualization. Its local event model is commit-indexed at a single RV32I hart and defines MMIO reads as replay inputs, MMIO writes as checked observations, and interrupts as boundary events. | ""First to log nondeterminism for later trace expansion""; ""first deterministic replay""; ""same as ReTrace but hardware"" without showing what hardware changes. | ""ReplayCapsule-RV adapts the minimal-nondeterminism replay idea to a bare-metal/embedded RISC-V interrupt/MMIO boundary rather than a virtual-machine boundary."" |",Minimality wording is only allowed in explicit limitation or do-not-claim contexts.
unsupported_scope,CAVEATED,docs/related_work_matrix.md,35,full-system,"| ReTrace: VM deterministic replay for trace collection | Verified. Public PDF describes ReTrace as a VMware-based two-step flow: capture minimal nondeterminism during VM execution, then expand during deterministic replay into instruction, memory-reference, or device-event traces. It records/replays guest execution at the IA32 ISA layer and is implemented in software. | Full VM record/replay used to avoid trace distortion and generate detailed traces offline. Logs nondeterminism rather than full traces during capture. | Very close conceptually: record minimal nondeterminism, replay later, expand detail offline. | ReplayCapsule-RV is not VM-based, not IA32, and not full-system virtualization. Its local event model is commit-indexed at a single RV32I hart and defines MMIO reads as replay inputs, MMIO writes as checked observations, and interrupts as boundary events. | ""First to log nondeterminism for later trace expansion""; ""first deterministic replay""; ""same as ReTrace but hardware"" without showing what hardware changes. | ""ReplayCapsule-RV adapts the minimal-nondeterminism replay idea to a bare-metal/embedded RISC-V interrupt/MMIO boundary rather than a virtual-machine boundary."" |",Scope expansion terms are only allowed in explicit limitation or do-not-claim contexts.
first_claim,CAVEATED,docs/related_work_matrix.md,36,First FPGA,"| REMU: deterministic replay in FPGA-based emulation | Verified high level. IEEE/Computer Society metadata confirms ICCD 2023 pages 21-29 and DOI 10.1109/ICCD58817.2023.00014; the public REMU toolkit page describes an FPGA-based emulation framework for checkpointing and deterministic replay with bit/cycle-accurate visibility of processors, memory, and peripherals. Full mechanism and results still need paper-level reading before detailed comparison. | FPGA emulation checkpointing plus deterministic replay for debug/visibility, with public materials emphasizing bit-accurate/cycle-accurate visibility across target processors and system components. | Close because it explicitly combines checkpointing and deterministic replay in FPGA-based hardware emulation. | ReplayCapsule-RV should not claim FPGA-emulation replay as new. It is narrower: an embedded RV32I replay capsule for failure reproduction under interrupts and MMIO, intentionally not promising hidden device-state reconstruction or bit/cycle-accurate full-system visibility unless optional cycle fields are enabled and validated. | ""First FPGA replay""; ""bit/cycle accurate visibility""; ""faster than REMU""; ""peripheral replay solved"" without implementation and evaluation. | ""REMU is the closest FPGA replay baseline; ReplayCapsule-RV must be framed as a different replay boundary and artifact, not as the invention of FPGA deterministic replay."" |",Avoid first-ever claims unless a systematic survey supports them.
unsupported_scope,CAVEATED,docs/related_work_matrix.md,36,full-system,"| REMU: deterministic replay in FPGA-based emulation | Verified high level. IEEE/Computer Society metadata confirms ICCD 2023 pages 21-29 and DOI 10.1109/ICCD58817.2023.00014; the public REMU toolkit page describes an FPGA-based emulation framework for checkpointing and deterministic replay with bit/cycle-accurate visibility of processors, memory, and peripherals. Full mechanism and results still need paper-level reading before detailed comparison. | FPGA emulation checkpointing plus deterministic replay for debug/visibility, with public materials emphasizing bit-accurate/cycle-accurate visibility across target processors and system components. | Close because it explicitly combines checkpointing and deterministic replay in FPGA-based hardware emulation. | ReplayCapsule-RV should not claim FPGA-emulation replay as new. It is narrower: an embedded RV32I replay capsule for failure reproduction under interrupts and MMIO, intentionally not promising hidden device-state reconstruction or bit/cycle-accurate full-system visibility unless optional cycle fields are enabled and validated. | ""First FPGA replay""; ""bit/cycle accurate visibility""; ""faster than REMU""; ""peripheral replay solved"" without implementation and evaluation. | ""REMU is the closest FPGA replay baseline; ReplayCapsule-RV must be framed as a different replay boundary and artifact, not as the invention of FPGA deterministic replay."" |",Scope expansion terms are only allowed in explicit limitation or do-not-claim contexts.
first_claim,CAVEATED,docs/related_work_matrix.md,41,First embedded,"| Embedded trace reconstruction and deployed embedded logging, including FlashBox | Verified high level. ACM metadata for FlashBox states that it acts as a black box for embedded systems by recording nondeterministic events, specifically interrupts, for deployed systems; public bibliographic snippets place it in SAC 2009 pages 1676-1682. | Records nondeterministic events in deployed embedded systems to support postmortem failure analysis. | Very close: it already frames embedded failures as nondeterminism logging, especially interrupts. | ReplayCapsule-RV must distinguish itself by the local capsule contract: firmware image/profile hashes, initial state/reset inputs, commit-indexed `IRQ_LEVEL`, MMIO read responses, MMIO write observations, and target violation signature. | ""First embedded failure black box""; ""first to log interrupts""; ""FlashBox lacks replay"" unless full paper confirms scope. | ""FlashBox is a key predecessor for embedded nondeterminism logging; ReplayCapsule-RV extends the replay boundary to RV32I architectural execution plus MMIO/interrupt events."" |",Avoid first-ever claims unless a systematic survey supports them.
first_claim,CAVEATED,docs/related_work_matrix.md,45,First hardware,"| Hardware-assisted deterministic replay for multiprocessors, e.g. Rerun/DeLorean family | Verified category at high level via CACM paper summaries. | Records ordering/nondeterminism for shared-memory multiprocessor replay. | Close because deterministic replay is the umbrella technique. | ReplayCapsule-RV is RV32I embedded/single-core oriented unless the implementation says otherwise. Its hard boundary is interrupts/MMIO, not memory-race ordering in shared-memory multiprocessors. | ""First hardware deterministic replay""; ""multiprocessor replay""; ""race recording"" unless implemented. | ""ReplayCapsule-RV is a specialized embedded RISC-V replay design, not a general multiprocessor replay system."" |",Avoid first-ever claims unless a systematic survey supports them.
first_claim,CAVEATED,docs/related_work_matrix.md,49,first deterministic,"1. Do not call ReplayCapsule-RV ""first deterministic replay,"" ""first hardware replay,"" ""first embedded black box,"" or ""first RISC-V trace"" without a systematic survey.",Avoid first-ever claims unless a systematic survey supports them.
first_claim,CAVEATED,docs/related_work_matrix.md,49,first hardware,"1. Do not call ReplayCapsule-RV ""first deterministic replay,"" ""first hardware replay,"" ""first embedded black box,"" or ""first RISC-V trace"" without a systematic survey.",Avoid first-ever claims unless a systematic survey supports them.
first_claim,CAVEATED,docs/related_work_matrix.md,49,first embedded,"1. Do not call ReplayCapsule-RV ""first deterministic replay,"" ""first hardware replay,"" ""first embedded black box,"" or ""first RISC-V trace"" without a systematic survey.",Avoid first-ever claims unless a systematic survey supports them.
first_claim,CAVEATED,docs/related_work_matrix.md,49,first RISC-V,"1. Do not call ReplayCapsule-RV ""first deterministic replay,"" ""first hardware replay,"" ""first embedded black box,"" or ""first RISC-V trace"" without a systematic survey.",Avoid first-ever claims unless a systematic survey supports them.
asic_power_claim,CAVEATED,docs/related_work_matrix.md,51,power,"3. Do not compare compression ratio, area, timing, power, or replay success rate against E-Trace, N-Trace, ENCORE, Hassert, REMU, Vidi, or post-silicon trace compression until measured with matched baselines.",ASIC and power wording is only allowed when stating that no ASIC/power claim is made.
unsupported_scope,CAVEATED,docs/replay_sufficiency_theorem.md,90,Multicore,"- Multicore execution, DMA races, and shared-memory concurrency require extra",Scope expansion terms are only allowed in explicit limitation or do-not-claim contexts.
unsupported_scope,CAVEATED,docs/replay_sufficiency_theorem.md,90,DMA,"- Multicore execution, DMA races, and shared-memory concurrency require extra",Scope expansion terms are only allowed in explicit limitation or do-not-claim contexts.
unsupported_scope,CAVEATED,docs/research_plan.md,25,multicore,"The workspace started empty and was not a git repository; it now has local checkpoint commits and a locked CI reproduction path. Early Phase 1/2 verification began with Python smoke tests and static RTL checks because local `verilator`, `yosys`, and `make` commands were not available at kickoff. The current evidence includes compiler-backed firmware builds, 45/45 host-driven Verilator full RTL replay PASS rows, negative corrupted-capsule rejection, runtime summaries, generic Yosys context, bounded formal checks, and same-target ECP5 85K mapped place-and-route overhead. Remaining limits are scope limits: host-driven replay consume, no ASIC power/area, no multicore/DMA/cache-coherence claim, and no full RTL-backed trace-size or ablation expansion beyond the generated evidence.",Scope expansion terms are only allowed in explicit limitation or do-not-claim contexts.
unsupported_scope,CAVEATED,docs/research_plan.md,25,DMA,"The workspace started empty and was not a git repository; it now has local checkpoint commits and a locked CI reproduction path. Early Phase 1/2 verification began with Python smoke tests and static RTL checks because local `verilator`, `yosys`, and `make` commands were not available at kickoff. The current evidence includes compiler-backed firmware builds, 45/45 host-driven Verilator full RTL replay PASS rows, negative corrupted-capsule rejection, runtime summaries, generic Yosys context, bounded formal checks, and same-target ECP5 85K mapped place-and-route overhead. Remaining limits are scope limits: host-driven replay consume, no ASIC power/area, no multicore/DMA/cache-coherence claim, and no full RTL-backed trace-size or ablation expansion beyond the generated evidence.",Scope expansion terms are only allowed in explicit limitation or do-not-claim contexts.
asic_power_claim,CAVEATED,docs/research_plan.md,25,ASIC,"The workspace started empty and was not a git repository; it now has local checkpoint commits and a locked CI reproduction path. Early Phase 1/2 verification began with Python smoke tests and static RTL checks because local `verilator`, `yosys`, and `make` commands were not available at kickoff. The current evidence includes compiler-backed firmware builds, 45/45 host-driven Verilator full RTL replay PASS rows, negative corrupted-capsule rejection, runtime summaries, generic Yosys context, bounded formal checks, and same-target ECP5 85K mapped place-and-route overhead. Remaining limits are scope limits: host-driven replay consume, no ASIC power/area, no multicore/DMA/cache-coherence claim, and no full RTL-backed trace-size or ablation expansion beyond the generated evidence.",ASIC and power wording is only allowed when stating that no ASIC/power claim is made.
asic_power_claim,CAVEATED,docs/research_plan.md,25,power,"The workspace started empty and was not a git repository; it now has local checkpoint commits and a locked CI reproduction path. Early Phase 1/2 verification began with Python smoke tests and static RTL checks because local `verilator`, `yosys`, and `make` commands were not available at kickoff. The current evidence includes compiler-backed firmware builds, 45/45 host-driven Verilator full RTL replay PASS rows, negative corrupted-capsule rejection, runtime summaries, generic Yosys context, bounded formal checks, and same-target ECP5 85K mapped place-and-route overhead. Remaining limits are scope limits: host-driven replay consume, no ASIC power/area, no multicore/DMA/cache-coherence claim, and no full RTL-backed trace-size or ablation expansion beyond the generated evidence.",ASIC and power wording is only allowed when stating that no ASIC/power claim is made.
first_claim,CAVEATED,docs/research_plan.md,55,first ever,"- Initial honesty policy: no fake measurements, no fake novelty, no unsupported ""first ever"" language.",Avoid first-ever claims unless a systematic survey supports them.
minimality_claim,CAVEATED,docs/research_plan.md,61,Minimal,- Minimal RV32I-style embedded system scaffold.,Minimality wording is only allowed in explicit limitation or do-not-claim contexts.
minimality_claim,CAVEATED,docs/research_plan.md,85,minimality,- Do not claim minimality globally; claim sufficiency under the defined model and use ablations to support practical minimal event sets per benchmark.,Minimality wording is only allowed in explicit limitation or do-not-claim contexts.
minimality_claim,CAVEATED,docs/research_plan.md,85,minimal,- Do not claim minimality globally; claim sufficiency under the defined model and use ablations to support practical minimal event sets per benchmark.,Minimality wording is only allowed in explicit limitation or do-not-claim contexts.
unsupported_scope,CAVEATED,docs/research_plan.md,86,multicore,"- Do not claim multicore, cache coherence, DMA, analog nondeterminism, undefined C behavior, or arbitrary external bus reordering support unless explicitly modeled and tested.",Scope expansion terms are only allowed in explicit limitation or do-not-claim contexts.
unsupported_scope,CAVEATED,docs/research_plan.md,86,DMA,"- Do not claim multicore, cache coherence, DMA, analog nondeterminism, undefined C behavior, or arbitrary external bus reordering support unless explicitly modeled and tested.",Scope expansion terms are only allowed in explicit limitation or do-not-claim contexts.
minimality_claim,CAVEATED,docs/reviewer_attack_list.md,11,minimal,Fix plan: run all six firmware benchmarks on RTL traces and show per-bug minimal event sets.,Minimality wording is only allowed in explicit limitation or do-not-claim contexts.
synthesizable_replay_consume_claim,CAVEATED,docs/reviewer_attack_list.md,19,synthesizable replay-consume,Fix plan: keep the host-driven replay scope explicit and avoid claiming a synthesizable replay-consume path.,Synthesizable replay-consume wording is only allowed in limitation contexts.
minimality_claim,CAVEATED,docs/reviewer_attack_list.md,23,minimal,Required evidence: narrowed embedded RV32I interrupt/MMIO boundary and minimal event model.,Minimality wording is only allowed in explicit limitation or do-not-claim contexts.
minimality_claim,CAVEATED,docs/reviewer_attack_list.md,61,minimal,"## 8. ""The capsule is not actually minimal.""",Minimality wording is only allowed in explicit limitation or do-not-claim contexts.
unsupported_scope,CAVEATED,docs/reviewer_attack_responses.md,23,Multicore,"The model assumes deterministic single-hart RV32I execution between recorded boundary events. Multicore ordering, DMA, and cache-coherence effects require additional event contracts and are listed as limitations in the paper and docs.",Scope expansion terms are only allowed in explicit limitation or do-not-claim contexts.
unsupported_scope,CAVEATED,docs/reviewer_attack_responses.md,23,DMA,"The model assumes deterministic single-hart RV32I execution between recorded boundary events. Multicore ordering, DMA, and cache-coherence effects require additional event contracts and are listed as limitations in the paper and docs.",Scope expansion terms are only allowed in explicit limitation or do-not-claim contexts.
unsupported_scope,CAVEATED,docs/subagents/formal_model_agent.md,57,DMA,- DMA-like external RAM mutations are out of scope for the current prototype,Scope expansion terms are only allowed in explicit limitation or do-not-claim contexts.
unsupported_scope,CAVEATED,docs/subagents/formal_model_agent.md,68,DMA,- Are DMA or other external memory writers in scope for the initial prototype?,Scope expansion terms are only allowed in explicit limitation or do-not-claim contexts.
unsupported_scope,CAVEATED,docs/subagents/formal_model_agent.md,76,multicore,"multicore replay, or proof of recorder noninterference. It proves only that a",Scope expansion terms are only allowed in explicit limitation or do-not-claim contexts.
unsupported_scope,CAVEATED,docs/subagents/literature_guard.md,23,full-system,"ReplayCapsule-RV is a scoped single-hart RV32I embedded replay prototype for failures involving interrupts and MMIO. Its claim should be event sufficiency for replay of the observed failure path using commit-indexed boundary events, not general trace reconstruction, security enforcement, assertion verification, or full-system/peripheral modeling.",Scope expansion terms are only allowed in explicit limitation or do-not-claim contexts.
first_claim,CAVEATED,docs/subagents/literature_guard.md,27,First deterministic,"- ""First deterministic replay"" or ""first hardware replay.""",Avoid first-ever claims unless a systematic survey supports them.
first_claim,CAVEATED,docs/subagents/literature_guard.md,27,first hardware,"- ""First deterministic replay"" or ""first hardware replay.""",Avoid first-ever claims unless a systematic survey supports them.
first_claim,CAVEATED,docs/subagents/literature_guard.md,28,First embedded,"- ""First embedded black box"" or ""first interrupt logger.""",Avoid first-ever claims unless a systematic survey supports them.
asic_power_claim,CAVEATED,docs/subagents/literature_guard.md,32,power,"- Any overhead, compression, area, timing, power, or replay-success result without local measurements.",ASIC and power wording is only allowed when stating that no ASIC/power claim is made.
minimality_claim,CAVEATED,docs/subagents/literature_guard.md,38,minimal,"1. ReTrace: minimal nondeterminism capture plus deterministic replay, but at VM/IA32/software virtualization boundary.",Minimality wording is only allowed in explicit limitation or do-not-claim contexts.
minimality_claim,CAVEATED,docs/subagents/reviewer_critic_agent.md,21,minimal,"- ""The capsule is not actually minimal.""",Minimality wording is only allowed in explicit limitation or do-not-claim contexts.
unsupported_scope,CAVEATED,docs/top_conference_reviewer_audit.md,29,multicore,- keep ASIC/power and multicore/DMA/cache support out of claims,Scope expansion terms are only allowed in explicit limitation or do-not-claim contexts.
unsupported_scope,CAVEATED,docs/top_conference_reviewer_audit.md,29,DMA,- keep ASIC/power and multicore/DMA/cache support out of claims,Scope expansion terms are only allowed in explicit limitation or do-not-claim contexts.
asic_power_claim,CAVEATED,docs/top_conference_reviewer_audit.md,29,ASIC,- keep ASIC/power and multicore/DMA/cache support out of claims,ASIC and power wording is only allowed when stating that no ASIC/power claim is made.
asic_power_claim,CAVEATED,docs/top_conference_reviewer_audit.md,29,power,- keep ASIC/power and multicore/DMA/cache support out of claims,ASIC and power wording is only allowed when stating that no ASIC/power claim is made.
unsupported_scope,CAVEATED,docs/top_conference_reviewer_audit.md,57,multicore,- keep ASIC/power and multicore/DMA/cache support out of claims,Scope expansion terms are only allowed in explicit limitation or do-not-claim contexts.
unsupported_scope,CAVEATED,docs/top_conference_reviewer_audit.md,57,DMA,- keep ASIC/power and multicore/DMA/cache support out of claims,Scope expansion terms are only allowed in explicit limitation or do-not-claim contexts.
asic_power_claim,CAVEATED,docs/top_conference_reviewer_audit.md,57,ASIC,- keep ASIC/power and multicore/DMA/cache support out of claims,ASIC and power wording is only allowed when stating that no ASIC/power claim is made.
asic_power_claim,CAVEATED,docs/top_conference_reviewer_audit.md,57,power,- keep ASIC/power and multicore/DMA/cache support out of claims,ASIC and power wording is only allowed when stating that no ASIC/power claim is made.
unsupported_scope,CAVEATED,docs/top_conference_reviewer_audit.md,85,multicore,- keep ASIC/power and multicore/DMA/cache support out of claims,Scope expansion terms are only allowed in explicit limitation or do-not-claim contexts.
unsupported_scope,CAVEATED,docs/top_conference_reviewer_audit.md,85,DMA,- keep ASIC/power and multicore/DMA/cache support out of claims,Scope expansion terms are only allowed in explicit limitation or do-not-claim contexts.
asic_power_claim,CAVEATED,docs/top_conference_reviewer_audit.md,85,ASIC,- keep ASIC/power and multicore/DMA/cache support out of claims,ASIC and power wording is only allowed when stating that no ASIC/power claim is made.
asic_power_claim,CAVEATED,docs/top_conference_reviewer_audit.md,85,power,- keep ASIC/power and multicore/DMA/cache support out of claims,ASIC and power wording is only allowed when stating that no ASIC/power claim is made.
unsupported_scope,CAVEATED,docs/top_conference_reviewer_audit.md,113,multicore,- keep ASIC/power and multicore/DMA/cache support out of claims,Scope expansion terms are only allowed in explicit limitation or do-not-claim contexts.
unsupported_scope,CAVEATED,docs/top_conference_reviewer_audit.md,113,DMA,- keep ASIC/power and multicore/DMA/cache support out of claims,Scope expansion terms are only allowed in explicit limitation or do-not-claim contexts.
asic_power_claim,CAVEATED,docs/top_conference_reviewer_audit.md,113,ASIC,- keep ASIC/power and multicore/DMA/cache support out of claims,ASIC and power wording is only allowed when stating that no ASIC/power claim is made.
asic_power_claim,CAVEATED,docs/top_conference_reviewer_audit.md,113,power,- keep ASIC/power and multicore/DMA/cache support out of claims,ASIC and power wording is only allowed when stating that no ASIC/power claim is made.
unsupported_scope,CAVEATED,docs/top_conference_reviewer_audit.md,141,multicore,- keep ASIC/power and multicore/DMA/cache support out of claims,Scope expansion terms are only allowed in explicit limitation or do-not-claim contexts.
unsupported_scope,CAVEATED,docs/top_conference_reviewer_audit.md,141,DMA,- keep ASIC/power and multicore/DMA/cache support out of claims,Scope expansion terms are only allowed in explicit limitation or do-not-claim contexts.
asic_power_claim,CAVEATED,docs/top_conference_reviewer_audit.md,141,ASIC,- keep ASIC/power and multicore/DMA/cache support out of claims,ASIC and power wording is only allowed when stating that no ASIC/power claim is made.
asic_power_claim,CAVEATED,docs/top_conference_reviewer_audit.md,141,power,- keep ASIC/power and multicore/DMA/cache support out of claims,ASIC and power wording is only allowed when stating that no ASIC/power claim is made.
unsupported_scope,CAVEATED,docs/top_conference_reviewer_audit.md,169,multicore,- keep ASIC/power and multicore/DMA/cache support out of claims,Scope expansion terms are only allowed in explicit limitation or do-not-claim contexts.
unsupported_scope,CAVEATED,docs/top_conference_reviewer_audit.md,169,DMA,- keep ASIC/power and multicore/DMA/cache support out of claims,Scope expansion terms are only allowed in explicit limitation or do-not-claim contexts.
asic_power_claim,CAVEATED,docs/top_conference_reviewer_audit.md,169,ASIC,- keep ASIC/power and multicore/DMA/cache support out of claims,ASIC and power wording is only allowed when stating that no ASIC/power claim is made.
asic_power_claim,CAVEATED,docs/top_conference_reviewer_audit.md,169,power,- keep ASIC/power and multicore/DMA/cache support out of claims,ASIC and power wording is only allowed when stating that no ASIC/power claim is made.
unsupported_scope,CAVEATED,docs/top_conference_reviewer_audit.md,197,multicore,- keep ASIC/power and multicore/DMA/cache support out of claims,Scope expansion terms are only allowed in explicit limitation or do-not-claim contexts.
unsupported_scope,CAVEATED,docs/top_conference_reviewer_audit.md,197,DMA,- keep ASIC/power and multicore/DMA/cache support out of claims,Scope expansion terms are only allowed in explicit limitation or do-not-claim contexts.
asic_power_claim,CAVEATED,docs/top_conference_reviewer_audit.md,197,ASIC,- keep ASIC/power and multicore/DMA/cache support out of claims,ASIC and power wording is only allowed when stating that no ASIC/power claim is made.
asic_power_claim,CAVEATED,docs/top_conference_reviewer_audit.md,197,power,- keep ASIC/power and multicore/DMA/cache support out of claims,ASIC and power wording is only allowed when stating that no ASIC/power claim is made.
minimality_claim,CAVEATED,docs/verification_plan.md,83,minimal,"minimal RV32I harness, with nondeterministic interrupts and MMIO responses. The",Minimality wording is only allowed in explicit limitation or do-not-claim contexts.
synthesizable_replay_consume_claim,CAVEATED,paper/abstract.md,3,synthesizable replay-consume,"Embedded firmware failures often depend on interrupt timing and memory-mapped I/O values that are visible to software but absent from ordinary crash reports. ReplayCapsule-RV records commit-indexed event-sufficient capsules for a scoped class of single-hart RV32I interrupt/MMIO bugs, then replays those events in a host-driven RTL harness. The implementation integrates a ReplayCapsule recorder with PicoRV32, compiler-built RV32I firmware images, Verilator record/replay execution, corruption checking, runtime summaries, and mapped FPGA synthesis. The generated artifact reports compiler-backed full RTL replay PASS rows, replay-critical corruptions rejected with zero unexpected accepts, measured cycle/commit and simulator wall-time overhead summaries, and same-target full-core ECP5 mapped overhead for baseline and ReplayCapsule board wrappers. The current prototype prioritizes replay fidelity and auditability over area minimization: it provides a record-side hardware capsule path and host-driven replay harness, but does not yet implement a synthesizable replay-consume datapath.",Synthesizable replay-consume wording is only allowed in limitation contexts.
unsupported_scope,CAVEATED,paper/figures/table06_proof_obligations.md,16,DMA,| PO-07 | A8 external memory mutation contract | ASSUMPTION_ONLY | documentation | The current six workloads do not include DMA or external RAM mutation RTL tests; the contract is specified but not exercised. |,Scope expansion terms are only allowed in explicit limitation or do-not-claim contexts.
synthesizable_replay_consume_claim,CAVEATED,paper/figures/table07_evaluation_metrics.md,12,synthesizable replay-consume,| firmware_running_rtl_replay_success_rate | MEASURED (rtl) | 45/45 (100.0%) | percent | rtl | Host-driven Verilator record/replay rows across evaluated benchmark/variant/seed cases; not a mapped hardware timing or synthesizable replay-consume datapath claim. |,Synthesizable replay-consume wording is only allowed in limitation contexts.
minimality_claim,CAVEATED,paper/figures/table_event_sufficiency.md,5,minimality,"Rows marked required are sufficient-evidence observations at the named evidence level, not a global minimality proof.",Minimality wording is only allowed in explicit limitation or do-not-claim contexts.
unsupported_scope,CAVEATED,paper/limitations.md,7,multicore,- multicore,Scope expansion terms are only allowed in explicit limitation or do-not-claim contexts.
unsupported_scope,CAVEATED,paper/limitations.md,9,DMA,- DMA unless modeled as events,Scope expansion terms are only allowed in explicit limitation or do-not-claim contexts.
guarantee_claim,CAVEATED,paper/limitations.md,11,guarantees,- undefined C behavior guarantees,Guarantees must be scoped to stated assumptions and generated evidence.
unsupported_scope,CAVEATED,paper/limitations.md,16,DMA,"The current implementation is still scoped: replay consume is host-driven, the target is single-hart RV32I interrupt/MMIO behavior, and the ECP5 implementation prioritizes replay fidelity and auditability over area minimization. The measured evidence includes compiler-backed firmware, full firmware-running RTL replay, full RTL replay-critical corruption rejection, runtime summaries, bounded local formal checks, generic synthesis context, and same-target full-core ECP5 mapped resources/timing. The artifact does not claim ASIC area or power, multi-hart behavior, DMA behavior, cache-coherence behavior, broad platform replay, or a hardware replay-consume datapath.",Scope expansion terms are only allowed in explicit limitation or do-not-claim contexts.
asic_power_claim,CAVEATED,paper/limitations.md,16,ASIC,"The current implementation is still scoped: replay consume is host-driven, the target is single-hart RV32I interrupt/MMIO behavior, and the ECP5 implementation prioritizes replay fidelity and auditability over area minimization. The measured evidence includes compiler-backed firmware, full firmware-running RTL replay, full RTL replay-critical corruption rejection, runtime summaries, bounded local formal checks, generic synthesis context, and same-target full-core ECP5 mapped resources/timing. The artifact does not claim ASIC area or power, multi-hart behavior, DMA behavior, cache-coherence behavior, broad platform replay, or a hardware replay-consume datapath.",ASIC and power wording is only allowed when stating that no ASIC/power claim is made.
asic_power_claim,CAVEATED,paper/limitations.md,16,power,"The current implementation is still scoped: replay consume is host-driven, the target is single-hart RV32I interrupt/MMIO behavior, and the ECP5 implementation prioritizes replay fidelity and auditability over area minimization. The measured evidence includes compiler-backed firmware, full firmware-running RTL replay, full RTL replay-critical corruption rejection, runtime summaries, bounded local formal checks, generic synthesis context, and same-target full-core ECP5 mapped resources/timing. The artifact does not claim ASIC area or power, multi-hart behavior, DMA behavior, cache-coherence behavior, broad platform replay, or a hardware replay-consume datapath.",ASIC and power wording is only allowed when stating that no ASIC/power claim is made.
minimality_claim,CAVEATED,paper/model.md,9,minimality,"Current model-level ablations write `results/processed/event_sufficiency.csv`, which identifies the event classes whose removal breaks replay for each benchmark model. These rows are evidence for the benchmark models only; they do not yet prove RTL-level minimality.",Minimality wording is only allowed in explicit limitation or do-not-claim contexts.
synthesizable_replay_consume_claim,CAVEATED,paper/sections/abstract.tex,2,synthesizable replay-consume,"Embedded firmware failures often depend on interrupt timing and memory-mapped I/O values that are visible to software but absent from ordinary crash reports. ReplayCapsule-RV records commit-indexed event-sufficient capsules for a scoped class of single-hart RV32I interrupt/MMIO bugs, then replays those events in a host-driven RTL harness. The implementation integrates a ReplayCapsule recorder with PicoRV32, compiler-built RV32I firmware images, Verilator record/replay execution, corruption checking, runtime summaries, and mapped FPGA synthesis. The generated artifact reports \rcFullReplayPass/\rcFullReplayTotal\ compiler-backed full RTL replay PASS rows, \rcNegativeReject\ replay-critical corruptions rejected with \rcNegativeUnexpectedAccept\ unexpected accepts and \rcNegativeNA\ not-applicable corruption rows, measured cycle/commit and simulator wall-time overhead summaries, and same-target full-core ECP5 mapped overhead for baseline and ReplayCapsule board wrappers. The current prototype prioritizes replay fidelity and auditability over area minimization: it provides a record-side hardware capsule path and host-driven replay harness, but does not yet implement a synthesizable replay-consume datapath.",Synthesizable replay-consume wording is only allowed in limitation contexts.
trace_replacement_claim,CAVEATED,paper/sections/conclusion.tex,3,replacement for trace,"ReplayCapsule-RV shows that a scoped class of embedded RV32I interrupt/MMIO failures can be recorded as commit-indexed capsules and replayed in a host-driven RTL harness with compiler-backed firmware. The artifact reports \rcFullReplayPass/\rcFullReplayTotal\ full RTL replay PASS rows, corruption rejection, runtime summaries, and same-target full-core ECP5 mapped overhead. The result is not a replacement for trace standards or snapshots; it is a record-side hardware capsule design and evidence package for replay-driving boundary events. The next step is a synthesizable replay-consume datapath and broader platform modeling, not stronger claims from the current prototype.",Do not claim replacement for trace/debug standards.
synthesizable_replay_consume_claim,CAVEATED,paper/sections/conclusion.tex,3,synthesizable replay-consume,"ReplayCapsule-RV shows that a scoped class of embedded RV32I interrupt/MMIO failures can be recorded as commit-indexed capsules and replayed in a host-driven RTL harness with compiler-backed firmware. The artifact reports \rcFullReplayPass/\rcFullReplayTotal\ full RTL replay PASS rows, corruption rejection, runtime summaries, and same-target full-core ECP5 mapped overhead. The result is not a replacement for trace standards or snapshots; it is a record-side hardware capsule design and evidence package for replay-driving boundary events. The next step is a synthesizable replay-consume datapath and broader platform modeling, not stronger claims from the current prototype.",Synthesizable replay-consume wording is only allowed in limitation contexts.
asic_power_claim,CAVEATED,paper/sections/evaluation.tex,24,ASIC,"The mapped scaling data is FPGA recorder/instrumented-wrapper evidence. It is not ASIC area or power evidence, and it is not an autonomous synthesizable replay-consume datapath. Simulator wall time is reported separately from architectural cycle and commit counts.",ASIC and power wording is only allowed when stating that no ASIC/power claim is made.
asic_power_claim,CAVEATED,paper/sections/evaluation.tex,24,power,"The mapped scaling data is FPGA recorder/instrumented-wrapper evidence. It is not ASIC area or power evidence, and it is not an autonomous synthesizable replay-consume datapath. Simulator wall time is reported separately from architectural cycle and commit counts.",ASIC and power wording is only allowed when stating that no ASIC/power claim is made.
synthesizable_replay_consume_claim,CAVEATED,paper/sections/evaluation.tex,24,synthesizable replay-consume,"The mapped scaling data is FPGA recorder/instrumented-wrapper evidence. It is not ASIC area or power evidence, and it is not an autonomous synthesizable replay-consume datapath. Simulator wall time is reported separately from architectural cycle and commit counts.",Synthesizable replay-consume wording is only allowed in limitation contexts.
unsupported_scope,CAVEATED,paper/sections/generated_tables.tex,95,multicore,"Memory system & no multicore, DMA, cache-coherence, or analog-device model \\",Scope expansion terms are only allowed in explicit limitation or do-not-claim contexts.
unsupported_scope,CAVEATED,paper/sections/generated_tables.tex,95,DMA,"Memory system & no multicore, DMA, cache-coherence, or analog-device model \\",Scope expansion terms are only allowed in explicit limitation or do-not-claim contexts.
unsupported_scope,CAVEATED,paper/sections/limitations.tex,3,multicore,"The scope is single-hart RV32I firmware with deterministic core semantics, the same program image, the same initial architectural state, and modeled external events. The current theorem excludes multicore interleavings, DMA unless modeled, cache/coherence effects unless modeled, analog nondeterminism, and claims about undefined C behavior.",Scope expansion terms are only allowed in explicit limitation or do-not-claim contexts.
unsupported_scope,CAVEATED,paper/sections/limitations.tex,3,DMA,"The scope is single-hart RV32I firmware with deterministic core semantics, the same program image, the same initial architectural state, and modeled external events. The current theorem excludes multicore interleavings, DMA unless modeled, cache/coherence effects unless modeled, analog nondeterminism, and claims about undefined C behavior.",Scope expansion terms are only allowed in explicit limitation or do-not-claim contexts.
unsupported_scope,CAVEATED,paper/sections/limitations.tex,7,multicore,"The replay-consume path is host-driven in the Verilator harness. The mapped design measures the recorder/instrumented full-core wrapper, not a synthesizable autonomous replay-consume engine. High FF/LUT overhead remains an optimization target. ASIC power/area/timing is not evaluated unless a real ASIC flow is added. The evaluation is single-hart RV32I and does not cover multicore, DMA, caches/coherence, or arbitrary peripherals.",Scope expansion terms are only allowed in explicit limitation or do-not-claim contexts.
unsupported_scope,CAVEATED,paper/sections/limitations.tex,7,DMA,"The replay-consume path is host-driven in the Verilator harness. The mapped design measures the recorder/instrumented full-core wrapper, not a synthesizable autonomous replay-consume engine. High FF/LUT overhead remains an optimization target. ASIC power/area/timing is not evaluated unless a real ASIC flow is added. The evaluation is single-hart RV32I and does not cover multicore, DMA, caches/coherence, or arbitrary peripherals.",Scope expansion terms are only allowed in explicit limitation or do-not-claim contexts.
asic_power_claim,CAVEATED,paper/sections/limitations.tex,7,ASIC,"The replay-consume path is host-driven in the Verilator harness. The mapped design measures the recorder/instrumented full-core wrapper, not a synthesizable autonomous replay-consume engine. High FF/LUT overhead remains an optimization target. ASIC power/area/timing is not evaluated unless a real ASIC flow is added. The evaluation is single-hart RV32I and does not cover multicore, DMA, caches/coherence, or arbitrary peripherals.",ASIC and power wording is only allowed when stating that no ASIC/power claim is made.
asic_power_claim,CAVEATED,paper/sections/limitations.tex,7,power,"The replay-consume path is host-driven in the Verilator harness. The mapped design measures the recorder/instrumented full-core wrapper, not a synthesizable autonomous replay-consume engine. High FF/LUT overhead remains an optimization target. ASIC power/area/timing is not evaluated unless a real ASIC flow is added. The evaluation is single-hart RV32I and does not cover multicore, DMA, caches/coherence, or arbitrary peripherals.",ASIC and power wording is only allowed when stating that no ASIC/power claim is made.
asic_power_claim,CAVEATED,paper/sections/limitations.tex,7,ASIC,"The replay-consume path is host-driven in the Verilator harness. The mapped design measures the recorder/instrumented full-core wrapper, not a synthesizable autonomous replay-consume engine. High FF/LUT overhead remains an optimization target. ASIC power/area/timing is not evaluated unless a real ASIC flow is added. The evaluation is single-hart RV32I and does not cover multicore, DMA, caches/coherence, or arbitrary peripherals.",ASIC and power wording is only allowed when stating that no ASIC/power claim is made.
unsupported_scope,CAVEATED,paper/sections/motivation.tex,5,multicore,"The threat model is a debugging and validation setting, not an attacker model. The recorder may observe firmware-visible events and property-checker outputs. Replay starts from the same image and initial architectural state. Unsupported nondeterminism is out of scope unless it is modeled as an event. In particular, multicore interleavings, DMA, caches/coherence effects, analog device state, and undefined C behavior are not covered by the current artifact.",Scope expansion terms are only allowed in explicit limitation or do-not-claim contexts.
unsupported_scope,CAVEATED,paper/sections/motivation.tex,5,DMA,"The threat model is a debugging and validation setting, not an attacker model. The recorder may observe firmware-visible events and property-checker outputs. Replay starts from the same image and initial architectural state. Unsupported nondeterminism is out of scope unless it is modeled as an event. In particular, multicore interleavings, DMA, caches/coherence effects, analog device state, and undefined C behavior are not covered by the current artifact.",Scope expansion terms are only allowed in explicit limitation or do-not-claim contexts.
synthesizable_replay_consume_claim,CAVEATED,paper/sections/replay_verification.tex,5,synthesizable replay-consume,"The current replay-consume path is host-driven. The Verilator harness records a capsule from the instrumented PicoRV32 wrapper, reruns the same compiler-backed firmware under replay control, injects the recorded interrupt/MMIO boundary facts, and checks the resulting trace. This is strong evidence for the event stream and RTL integration, but it is not a synthesizable replay-consume datapath.",Synthesizable replay-consume wording is only allowed in limitation contexts.
asic_power_claim,CAVEATED,paper/tables/table_limitations.tex,8,ASIC,"no\_asic\_power & ASIC area, timing, and power are not evaluated. \\",ASIC and power wording is only allowed when stating that no ASIC/power claim is made.
asic_power_claim,CAVEATED,paper/tables/table_limitations.tex,8,power,"no\_asic\_power & ASIC area, timing, and power are not evaluated. \\",ASIC and power wording is only allowed when stating that no ASIC/power claim is made.
unsupported_scope,CAVEATED,paper/tables/table_limitations.tex,9,multicore,"single\_hart\_scope & Evaluation is single-hart RV32I and excludes multicore, DMA, caches/coherence, and arbitrary peripherals. \\",Scope expansion terms are only allowed in explicit limitation or do-not-claim contexts.
unsupported_scope,CAVEATED,paper/tables/table_limitations.tex,9,DMA,"single\_hart\_scope & Evaluation is single-hart RV32I and excludes multicore, DMA, caches/coherence, and arbitrary peripherals. \\",Scope expansion terms are only allowed in explicit limitation or do-not-claim contexts.
asic_power_claim,CAVEATED,README.md,100,ASIC,"- ASIC implementation, timing, or energy results.",ASIC and power wording is only allowed when stating that no ASIC/power claim is made.
unsupported_scope,CAVEATED,README.md,102,Multicore,"- Multicore, DMA, cache-coherent, or broad platform support.",Scope expansion terms are only allowed in explicit limitation or do-not-claim contexts.
unsupported_scope,CAVEATED,README.md,102,DMA,"- Multicore, DMA, cache-coherent, or broad platform support.",Scope expansion terms are only allowed in explicit limitation or do-not-claim contexts.
unsupported_scope,CAVEATED,README.md,102,cache-coherent,"- Multicore, DMA, cache-coherent, or broad platform support.",Scope expansion terms are only allowed in explicit limitation or do-not-claim contexts.
trace_replacement_claim,CAVEATED,README.md,103,Replacement for RISC-V trace,- Replacement for RISC-V trace/debug standards.,Do not claim replacement for trace/debug standards.
