benchmark,variant,seed,workload_scale,config,firmware_source,compiler_backed,cycles,commits,events,capsule_bytes,sim_wall_time_sec,cycle_overhead_pct,commit_overhead_pct,sim_wall_time_overhead_pct,baseline_config,status,notes
sensor_threshold_bug,failing,1,smoke,baseline_no_recorder,compiler_c_scaled,true,118,29,0,0,0.002302,NA,NA,NA,NA,MEASURED,measured same scaled firmware/stimulus
sensor_threshold_bug,failing,2,smoke,baseline_no_recorder,compiler_c_scaled,true,118,29,0,0,0.001953,NA,NA,NA,NA,MEASURED,measured same scaled firmware/stimulus
sensor_threshold_bug,failing,3,smoke,baseline_no_recorder,compiler_c_scaled,true,118,29,0,0,0.001910,NA,NA,NA,NA,MEASURED,measured same scaled firmware/stimulus
sensor_threshold_bug,failing,4,smoke,baseline_no_recorder,compiler_c_scaled,true,118,29,0,0,0.001867,NA,NA,NA,NA,MEASURED,measured same scaled firmware/stimulus
sensor_threshold_bug,failing,5,smoke,baseline_no_recorder,compiler_c_scaled,true,118,29,0,0,0.001947,NA,NA,NA,NA,MEASURED,measured same scaled firmware/stimulus
sensor_threshold_bug,failing,1,short,baseline_no_recorder,compiler_c_scaled,true,1597,352,0,0,0.002144,NA,NA,NA,NA,MEASURED,measured same scaled firmware/stimulus
sensor_threshold_bug,failing,2,short,baseline_no_recorder,compiler_c_scaled,true,1597,352,0,0,0.002361,NA,NA,NA,NA,MEASURED,measured same scaled firmware/stimulus
sensor_threshold_bug,failing,3,short,baseline_no_recorder,compiler_c_scaled,true,1597,352,0,0,0.002202,NA,NA,NA,NA,MEASURED,measured same scaled firmware/stimulus
sensor_threshold_bug,failing,4,short,baseline_no_recorder,compiler_c_scaled,true,1597,352,0,0,0.002157,NA,NA,NA,NA,MEASURED,measured same scaled firmware/stimulus
sensor_threshold_bug,failing,5,short,baseline_no_recorder,compiler_c_scaled,true,1597,352,0,0,0.002117,NA,NA,NA,NA,MEASURED,measured same scaled firmware/stimulus
sensor_threshold_bug,failing,1,medium,baseline_no_recorder,compiler_c_scaled,true,6013,1312,0,0,0.002867,NA,NA,NA,NA,MEASURED,measured same scaled firmware/stimulus
sensor_threshold_bug,failing,2,medium,baseline_no_recorder,compiler_c_scaled,true,6013,1312,0,0,0.002908,NA,NA,NA,NA,MEASURED,measured same scaled firmware/stimulus
sensor_threshold_bug,failing,3,medium,baseline_no_recorder,compiler_c_scaled,true,6013,1312,0,0,0.002857,NA,NA,NA,NA,MEASURED,measured same scaled firmware/stimulus
sensor_threshold_bug,failing,4,medium,baseline_no_recorder,compiler_c_scaled,true,6013,1312,0,0,0.002857,NA,NA,NA,NA,MEASURED,measured same scaled firmware/stimulus
sensor_threshold_bug,failing,5,medium,baseline_no_recorder,compiler_c_scaled,true,6013,1312,0,0,0.002959,NA,NA,NA,NA,MEASURED,measured same scaled firmware/stimulus
sensor_threshold_bug,failing,1,long,baseline_no_recorder,compiler_c_scaled,true,23677,5152,0,0,0.005654,NA,NA,NA,NA,MEASURED,measured same scaled firmware/stimulus
sensor_threshold_bug,failing,2,long,baseline_no_recorder,compiler_c_scaled,true,23677,5152,0,0,0.005713,NA,NA,NA,NA,MEASURED,measured same scaled firmware/stimulus
sensor_threshold_bug,failing,3,long,baseline_no_recorder,compiler_c_scaled,true,23677,5152,0,0,0.005631,NA,NA,NA,NA,MEASURED,measured same scaled firmware/stimulus
sensor_threshold_bug,failing,4,long,baseline_no_recorder,compiler_c_scaled,true,23677,5152,0,0,0.005637,NA,NA,NA,NA,MEASURED,measured same scaled firmware/stimulus
sensor_threshold_bug,failing,5,long,baseline_no_recorder,compiler_c_scaled,true,23677,5152,0,0,0.005635,NA,NA,NA,NA,MEASURED,measured same scaled firmware/stimulus
sensor_threshold_bug,failing,1,stress,baseline_no_recorder,compiler_c_scaled,true,94333,20512,0,0,0.016727,NA,NA,NA,NA,MEASURED,measured same scaled firmware/stimulus
sensor_threshold_bug,failing,2,stress,baseline_no_recorder,compiler_c_scaled,true,94333,20512,0,0,0.017029,NA,NA,NA,NA,MEASURED,measured same scaled firmware/stimulus
sensor_threshold_bug,failing,3,stress,baseline_no_recorder,compiler_c_scaled,true,94333,20512,0,0,0.016831,NA,NA,NA,NA,MEASURED,measured same scaled firmware/stimulus
sensor_threshold_bug,failing,4,stress,baseline_no_recorder,compiler_c_scaled,true,94333,20512,0,0,0.016617,NA,NA,NA,NA,MEASURED,measured same scaled firmware/stimulus
sensor_threshold_bug,failing,5,stress,baseline_no_recorder,compiler_c_scaled,true,94333,20512,0,0,0.016867,NA,NA,NA,NA,MEASURED,measured same scaled firmware/stimulus
sensor_threshold_bug,fixed,1,smoke,baseline_no_recorder,compiler_c_scaled,true,5000,1660,0,0,0.002965,NA,NA,NA,NA,MEASURED,measured same scaled firmware/stimulus
sensor_threshold_bug,fixed,2,smoke,baseline_no_recorder,compiler_c_scaled,true,5000,1660,0,0,0.002799,NA,NA,NA,NA,MEASURED,measured same scaled firmware/stimulus
sensor_threshold_bug,fixed,3,smoke,baseline_no_recorder,compiler_c_scaled,true,5000,1660,0,0,0.002713,NA,NA,NA,NA,MEASURED,measured same scaled firmware/stimulus
sensor_threshold_bug,fixed,4,smoke,baseline_no_recorder,compiler_c_scaled,true,5000,1660,0,0,0.003843,NA,NA,NA,NA,MEASURED,measured same scaled firmware/stimulus
sensor_threshold_bug,fixed,5,smoke,baseline_no_recorder,compiler_c_scaled,true,5000,1660,0,0,0.002716,NA,NA,NA,NA,MEASURED,measured same scaled firmware/stimulus
sensor_threshold_bug,fixed,1,short,baseline_no_recorder,compiler_c_scaled,true,10000,3157,0,0,0.003472,NA,NA,NA,NA,MEASURED,measured same scaled firmware/stimulus
sensor_threshold_bug,fixed,2,short,baseline_no_recorder,compiler_c_scaled,true,10000,3157,0,0,0.003570,NA,NA,NA,NA,MEASURED,measured same scaled firmware/stimulus
sensor_threshold_bug,fixed,3,short,baseline_no_recorder,compiler_c_scaled,true,10000,3157,0,0,0.003661,NA,NA,NA,NA,MEASURED,measured same scaled firmware/stimulus
sensor_threshold_bug,fixed,4,short,baseline_no_recorder,compiler_c_scaled,true,10000,3157,0,0,0.003447,NA,NA,NA,NA,MEASURED,measured same scaled firmware/stimulus
sensor_threshold_bug,fixed,5,short,baseline_no_recorder,compiler_c_scaled,true,10000,3157,0,0,0.003472,NA,NA,NA,NA,MEASURED,measured same scaled firmware/stimulus
sensor_threshold_bug,fixed,1,medium,baseline_no_recorder,compiler_c_scaled,true,50000,15978,0,0,0.009909,NA,NA,NA,NA,MEASURED,measured same scaled firmware/stimulus
sensor_threshold_bug,fixed,2,medium,baseline_no_recorder,compiler_c_scaled,true,50000,15978,0,0,0.009829,NA,NA,NA,NA,MEASURED,measured same scaled firmware/stimulus
sensor_threshold_bug,fixed,3,medium,baseline_no_recorder,compiler_c_scaled,true,50000,15978,0,0,0.009791,NA,NA,NA,NA,MEASURED,measured same scaled firmware/stimulus
sensor_threshold_bug,fixed,4,medium,baseline_no_recorder,compiler_c_scaled,true,50000,15978,0,0,0.009992,NA,NA,NA,NA,MEASURED,measured same scaled firmware/stimulus
sensor_threshold_bug,fixed,5,medium,baseline_no_recorder,compiler_c_scaled,true,50000,15978,0,0,0.010232,NA,NA,NA,NA,MEASURED,measured same scaled firmware/stimulus
sensor_threshold_bug,fixed,1,long,baseline_no_recorder,compiler_c_scaled,true,100000,30597,0,0,0.017644,NA,NA,NA,NA,MEASURED,measured same scaled firmware/stimulus
sensor_threshold_bug,fixed,2,long,baseline_no_recorder,compiler_c_scaled,true,100000,30597,0,0,0.017993,NA,NA,NA,NA,MEASURED,measured same scaled firmware/stimulus
sensor_threshold_bug,fixed,3,long,baseline_no_recorder,compiler_c_scaled,true,100000,30597,0,0,0.017600,NA,NA,NA,NA,MEASURED,measured same scaled firmware/stimulus
sensor_threshold_bug,fixed,4,long,baseline_no_recorder,compiler_c_scaled,true,100000,30597,0,0,0.018365,NA,NA,NA,NA,MEASURED,measured same scaled firmware/stimulus
sensor_threshold_bug,fixed,5,long,baseline_no_recorder,compiler_c_scaled,true,100000,30597,0,0,0.017811,NA,NA,NA,NA,MEASURED,measured same scaled firmware/stimulus
sensor_threshold_bug,fixed,1,stress,baseline_no_recorder,compiler_c_scaled,true,200000,55738,0,0,0.033898,NA,NA,NA,NA,MEASURED,measured same scaled firmware/stimulus
sensor_threshold_bug,fixed,2,stress,baseline_no_recorder,compiler_c_scaled,true,200000,55738,0,0,0.033478,NA,NA,NA,NA,MEASURED,measured same scaled firmware/stimulus
sensor_threshold_bug,fixed,3,stress,baseline_no_recorder,compiler_c_scaled,true,200000,55738,0,0,0.033623,NA,NA,NA,NA,MEASURED,measured same scaled firmware/stimulus
sensor_threshold_bug,fixed,4,stress,baseline_no_recorder,compiler_c_scaled,true,200000,55738,0,0,0.033585,NA,NA,NA,NA,MEASURED,measured same scaled firmware/stimulus
sensor_threshold_bug,fixed,5,stress,baseline_no_recorder,compiler_c_scaled,true,200000,55738,0,0,0.033644,NA,NA,NA,NA,MEASURED,measured same scaled firmware/stimulus
sensor_threshold_bug,no_failure_edge,1,smoke,baseline_no_recorder,compiler_c_scaled,true,5000,1661,0,0,0.003301,NA,NA,NA,NA,MEASURED,measured same scaled firmware/stimulus
sensor_threshold_bug,no_failure_edge,2,smoke,baseline_no_recorder,compiler_c_scaled,true,5000,1661,0,0,0.002798,NA,NA,NA,NA,MEASURED,measured same scaled firmware/stimulus
sensor_threshold_bug,no_failure_edge,3,smoke,baseline_no_recorder,compiler_c_scaled,true,5000,1661,0,0,0.002761,NA,NA,NA,NA,MEASURED,measured same scaled firmware/stimulus
sensor_threshold_bug,no_failure_edge,4,smoke,baseline_no_recorder,compiler_c_scaled,true,5000,1661,0,0,0.002710,NA,NA,NA,NA,MEASURED,measured same scaled firmware/stimulus
sensor_threshold_bug,no_failure_edge,5,smoke,baseline_no_recorder,compiler_c_scaled,true,5000,1661,0,0,0.002665,NA,NA,NA,NA,MEASURED,measured same scaled firmware/stimulus
sensor_threshold_bug,no_failure_edge,1,short,baseline_no_recorder,compiler_c_scaled,true,10000,3158,0,0,0.003433,NA,NA,NA,NA,MEASURED,measured same scaled firmware/stimulus
sensor_threshold_bug,no_failure_edge,2,short,baseline_no_recorder,compiler_c_scaled,true,10000,3158,0,0,0.003552,NA,NA,NA,NA,MEASURED,measured same scaled firmware/stimulus
sensor_threshold_bug,no_failure_edge,3,short,baseline_no_recorder,compiler_c_scaled,true,10000,3158,0,0,0.003584,NA,NA,NA,NA,MEASURED,measured same scaled firmware/stimulus
sensor_threshold_bug,no_failure_edge,4,short,baseline_no_recorder,compiler_c_scaled,true,10000,3158,0,0,0.003537,NA,NA,NA,NA,MEASURED,measured same scaled firmware/stimulus
sensor_threshold_bug,no_failure_edge,5,short,baseline_no_recorder,compiler_c_scaled,true,10000,3158,0,0,0.003518,NA,NA,NA,NA,MEASURED,measured same scaled firmware/stimulus
sensor_threshold_bug,no_failure_edge,1,medium,baseline_no_recorder,compiler_c_scaled,true,50000,15979,0,0,0.009832,NA,NA,NA,NA,MEASURED,measured same scaled firmware/stimulus
sensor_threshold_bug,no_failure_edge,2,medium,baseline_no_recorder,compiler_c_scaled,true,50000,15979,0,0,0.009812,NA,NA,NA,NA,MEASURED,measured same scaled firmware/stimulus
sensor_threshold_bug,no_failure_edge,3,medium,baseline_no_recorder,compiler_c_scaled,true,50000,15979,0,0,0.009781,NA,NA,NA,NA,MEASURED,measured same scaled firmware/stimulus
sensor_threshold_bug,no_failure_edge,4,medium,baseline_no_recorder,compiler_c_scaled,true,50000,15979,0,0,0.009854,NA,NA,NA,NA,MEASURED,measured same scaled firmware/stimulus
sensor_threshold_bug,no_failure_edge,5,medium,baseline_no_recorder,compiler_c_scaled,true,50000,15979,0,0,0.010005,NA,NA,NA,NA,MEASURED,measured same scaled firmware/stimulus
sensor_threshold_bug,no_failure_edge,1,long,baseline_no_recorder,compiler_c_scaled,true,100000,30598,0,0,0.017868,NA,NA,NA,NA,MEASURED,measured same scaled firmware/stimulus
sensor_threshold_bug,no_failure_edge,2,long,baseline_no_recorder,compiler_c_scaled,true,100000,30598,0,0,0.018244,NA,NA,NA,NA,MEASURED,measured same scaled firmware/stimulus
sensor_threshold_bug,no_failure_edge,3,long,baseline_no_recorder,compiler_c_scaled,true,100000,30598,0,0,0.017961,NA,NA,NA,NA,MEASURED,measured same scaled firmware/stimulus
sensor_threshold_bug,no_failure_edge,4,long,baseline_no_recorder,compiler_c_scaled,true,100000,30598,0,0,0.017790,NA,NA,NA,NA,MEASURED,measured same scaled firmware/stimulus
sensor_threshold_bug,no_failure_edge,5,long,baseline_no_recorder,compiler_c_scaled,true,100000,30598,0,0,0.018835,NA,NA,NA,NA,MEASURED,measured same scaled firmware/stimulus
sensor_threshold_bug,no_failure_edge,1,stress,baseline_no_recorder,compiler_c_scaled,true,200000,55739,0,0,0.033444,NA,NA,NA,NA,MEASURED,measured same scaled firmware/stimulus
sensor_threshold_bug,no_failure_edge,2,stress,baseline_no_recorder,compiler_c_scaled,true,200000,55739,0,0,0.035069,NA,NA,NA,NA,MEASURED,measured same scaled firmware/stimulus
sensor_threshold_bug,no_failure_edge,3,stress,baseline_no_recorder,compiler_c_scaled,true,200000,55739,0,0,0.033992,NA,NA,NA,NA,MEASURED,measured same scaled firmware/stimulus
sensor_threshold_bug,no_failure_edge,4,stress,baseline_no_recorder,compiler_c_scaled,true,200000,55739,0,0,0.033815,NA,NA,NA,NA,MEASURED,measured same scaled firmware/stimulus
sensor_threshold_bug,no_failure_edge,5,stress,baseline_no_recorder,compiler_c_scaled,true,200000,55739,0,0,0.034069,NA,NA,NA,NA,MEASURED,measured same scaled firmware/stimulus
interrupt_race_bug,failing,1,smoke,baseline_no_recorder,compiler_c_scaled,true,60,15,0,0,0.002464,NA,NA,NA,NA,MEASURED,measured same scaled firmware/stimulus
interrupt_race_bug,failing,2,smoke,baseline_no_recorder,compiler_c_scaled,true,60,15,0,0,0.001990,NA,NA,NA,NA,MEASURED,measured same scaled firmware/stimulus
interrupt_race_bug,failing,3,smoke,baseline_no_recorder,compiler_c_scaled,true,60,15,0,0,0.001900,NA,NA,NA,NA,MEASURED,measured same scaled firmware/stimulus
interrupt_race_bug,failing,4,smoke,baseline_no_recorder,compiler_c_scaled,true,60,15,0,0,0.001885,NA,NA,NA,NA,MEASURED,measured same scaled firmware/stimulus
interrupt_race_bug,failing,5,smoke,baseline_no_recorder,compiler_c_scaled,true,60,15,0,0,0.001878,NA,NA,NA,NA,MEASURED,measured same scaled firmware/stimulus
interrupt_race_bug,failing,1,short,baseline_no_recorder,compiler_c_scaled,true,1539,338,0,0,0.002480,NA,NA,NA,NA,MEASURED,measured same scaled firmware/stimulus
interrupt_race_bug,failing,2,short,baseline_no_recorder,compiler_c_scaled,true,1539,338,0,0,0.002167,NA,NA,NA,NA,MEASURED,measured same scaled firmware/stimulus
interrupt_race_bug,failing,3,short,baseline_no_recorder,compiler_c_scaled,true,1539,338,0,0,0.002368,NA,NA,NA,NA,MEASURED,measured same scaled firmware/stimulus
interrupt_race_bug,failing,4,short,baseline_no_recorder,compiler_c_scaled,true,1539,338,0,0,0.002146,NA,NA,NA,NA,MEASURED,measured same scaled firmware/stimulus
interrupt_race_bug,failing,5,short,baseline_no_recorder,compiler_c_scaled,true,1539,338,0,0,0.002149,NA,NA,NA,NA,MEASURED,measured same scaled firmware/stimulus
interrupt_race_bug,failing,1,medium,baseline_no_recorder,compiler_c_scaled,true,5955,1298,0,0,0.002862,NA,NA,NA,NA,MEASURED,measured same scaled firmware/stimulus
interrupt_race_bug,failing,2,medium,baseline_no_recorder,compiler_c_scaled,true,5955,1298,0,0,0.002823,NA,NA,NA,NA,MEASURED,measured same scaled firmware/stimulus
interrupt_race_bug,failing,3,medium,baseline_no_recorder,compiler_c_scaled,true,5955,1298,0,0,0.002855,NA,NA,NA,NA,MEASURED,measured same scaled firmware/stimulus
interrupt_race_bug,failing,4,medium,baseline_no_recorder,compiler_c_scaled,true,5955,1298,0,0,0.002906,NA,NA,NA,NA,MEASURED,measured same scaled firmware/stimulus
interrupt_race_bug,failing,5,medium,baseline_no_recorder,compiler_c_scaled,true,5955,1298,0,0,0.002871,NA,NA,NA,NA,MEASURED,measured same scaled firmware/stimulus
interrupt_race_bug,failing,1,long,baseline_no_recorder,compiler_c_scaled,true,23619,5138,0,0,0.005604,NA,NA,NA,NA,MEASURED,measured same scaled firmware/stimulus
interrupt_race_bug,failing,2,long,baseline_no_recorder,compiler_c_scaled,true,23619,5138,0,0,0.006103,NA,NA,NA,NA,MEASURED,measured same scaled firmware/stimulus
interrupt_race_bug,failing,3,long,baseline_no_recorder,compiler_c_scaled,true,23619,5138,0,0,0.005723,NA,NA,NA,NA,MEASURED,measured same scaled firmware/stimulus
interrupt_race_bug,failing,4,long,baseline_no_recorder,compiler_c_scaled,true,23619,5138,0,0,0.005653,NA,NA,NA,NA,MEASURED,measured same scaled firmware/stimulus
interrupt_race_bug,failing,5,long,baseline_no_recorder,compiler_c_scaled,true,23619,5138,0,0,0.005728,NA,NA,NA,NA,MEASURED,measured same scaled firmware/stimulus
interrupt_race_bug,failing,1,stress,baseline_no_recorder,compiler_c_scaled,true,94275,20498,0,0,0.016661,NA,NA,NA,NA,MEASURED,measured same scaled firmware/stimulus
interrupt_race_bug,failing,2,stress,baseline_no_recorder,compiler_c_scaled,true,94275,20498,0,0,0.016735,NA,NA,NA,NA,MEASURED,measured same scaled firmware/stimulus
interrupt_race_bug,failing,3,stress,baseline_no_recorder,compiler_c_scaled,true,94275,20498,0,0,0.017846,NA,NA,NA,NA,MEASURED,measured same scaled firmware/stimulus
interrupt_race_bug,failing,4,stress,baseline_no_recorder,compiler_c_scaled,true,94275,20498,0,0,0.016844,NA,NA,NA,NA,MEASURED,measured same scaled firmware/stimulus
interrupt_race_bug,failing,5,stress,baseline_no_recorder,compiler_c_scaled,true,94275,20498,0,0,0.016795,NA,NA,NA,NA,MEASURED,measured same scaled firmware/stimulus
interrupt_race_bug,fixed,1,smoke,baseline_no_recorder,compiler_c_scaled,true,5000,1660,0,0,0.002671,NA,NA,NA,NA,MEASURED,measured same scaled firmware/stimulus
interrupt_race_bug,fixed,2,smoke,baseline_no_recorder,compiler_c_scaled,true,5000,1660,0,0,0.002699,NA,NA,NA,NA,MEASURED,measured same scaled firmware/stimulus
interrupt_race_bug,fixed,3,smoke,baseline_no_recorder,compiler_c_scaled,true,5000,1660,0,0,0.002746,NA,NA,NA,NA,MEASURED,measured same scaled firmware/stimulus
interrupt_race_bug,fixed,4,smoke,baseline_no_recorder,compiler_c_scaled,true,5000,1660,0,0,0.002724,NA,NA,NA,NA,MEASURED,measured same scaled firmware/stimulus
interrupt_race_bug,fixed,5,smoke,baseline_no_recorder,compiler_c_scaled,true,5000,1660,0,0,0.002792,NA,NA,NA,NA,MEASURED,measured same scaled firmware/stimulus
interrupt_race_bug,fixed,1,short,baseline_no_recorder,compiler_c_scaled,true,10000,3156,0,0,0.003519,NA,NA,NA,NA,MEASURED,measured same scaled firmware/stimulus
interrupt_race_bug,fixed,2,short,baseline_no_recorder,compiler_c_scaled,true,10000,3156,0,0,0.003641,NA,NA,NA,NA,MEASURED,measured same scaled firmware/stimulus
interrupt_race_bug,fixed,3,short,baseline_no_recorder,compiler_c_scaled,true,10000,3156,0,0,0.003595,NA,NA,NA,NA,MEASURED,measured same scaled firmware/stimulus
interrupt_race_bug,fixed,4,short,baseline_no_recorder,compiler_c_scaled,true,10000,3156,0,0,0.003540,NA,NA,NA,NA,MEASURED,measured same scaled firmware/stimulus
interrupt_race_bug,fixed,5,short,baseline_no_recorder,compiler_c_scaled,true,10000,3156,0,0,0.003530,NA,NA,NA,NA,MEASURED,measured same scaled firmware/stimulus
interrupt_race_bug,fixed,1,medium,baseline_no_recorder,compiler_c_scaled,true,50000,15978,0,0,0.009955,NA,NA,NA,NA,MEASURED,measured same scaled firmware/stimulus
interrupt_race_bug,fixed,2,medium,baseline_no_recorder,compiler_c_scaled,true,50000,15978,0,0,0.009753,NA,NA,NA,NA,MEASURED,measured same scaled firmware/stimulus
interrupt_race_bug,fixed,3,medium,baseline_no_recorder,compiler_c_scaled,true,50000,15978,0,0,0.009948,NA,NA,NA,NA,MEASURED,measured same scaled firmware/stimulus
interrupt_race_bug,fixed,4,medium,baseline_no_recorder,compiler_c_scaled,true,50000,15978,0,0,0.009815,NA,NA,NA,NA,MEASURED,measured same scaled firmware/stimulus
interrupt_race_bug,fixed,5,medium,baseline_no_recorder,compiler_c_scaled,true,50000,15978,0,0,0.009932,NA,NA,NA,NA,MEASURED,measured same scaled firmware/stimulus
interrupt_race_bug,fixed,1,long,baseline_no_recorder,compiler_c_scaled,true,100000,30596,0,0,0.017681,NA,NA,NA,NA,MEASURED,measured same scaled firmware/stimulus
interrupt_race_bug,fixed,2,long,baseline_no_recorder,compiler_c_scaled,true,100000,30596,0,0,0.017729,NA,NA,NA,NA,MEASURED,measured same scaled firmware/stimulus
interrupt_race_bug,fixed,3,long,baseline_no_recorder,compiler_c_scaled,true,100000,30596,0,0,0.017903,NA,NA,NA,NA,MEASURED,measured same scaled firmware/stimulus
interrupt_race_bug,fixed,4,long,baseline_no_recorder,compiler_c_scaled,true,100000,30596,0,0,0.018278,NA,NA,NA,NA,MEASURED,measured same scaled firmware/stimulus
interrupt_race_bug,fixed,5,long,baseline_no_recorder,compiler_c_scaled,true,100000,30596,0,0,0.017938,NA,NA,NA,NA,MEASURED,measured same scaled firmware/stimulus
interrupt_race_bug,fixed,1,stress,baseline_no_recorder,compiler_c_scaled,true,200000,55738,0,0,0.033513,NA,NA,NA,NA,MEASURED,measured same scaled firmware/stimulus
interrupt_race_bug,fixed,2,stress,baseline_no_recorder,compiler_c_scaled,true,200000,55738,0,0,0.033415,NA,NA,NA,NA,MEASURED,measured same scaled firmware/stimulus
interrupt_race_bug,fixed,3,stress,baseline_no_recorder,compiler_c_scaled,true,200000,55738,0,0,0.033782,NA,NA,NA,NA,MEASURED,measured same scaled firmware/stimulus
interrupt_race_bug,fixed,4,stress,baseline_no_recorder,compiler_c_scaled,true,200000,55738,0,0,0.033603,NA,NA,NA,NA,MEASURED,measured same scaled firmware/stimulus
interrupt_race_bug,fixed,5,stress,baseline_no_recorder,compiler_c_scaled,true,200000,55738,0,0,0.033866,NA,NA,NA,NA,MEASURED,measured same scaled firmware/stimulus
mmio_ordering_bug,failing,1,smoke,baseline_no_recorder,compiler_c_scaled,true,56,14,0,0,0.002466,NA,NA,NA,NA,MEASURED,measured same scaled firmware/stimulus
mmio_ordering_bug,failing,2,smoke,baseline_no_recorder,compiler_c_scaled,true,56,14,0,0,0.001984,NA,NA,NA,NA,MEASURED,measured same scaled firmware/stimulus
mmio_ordering_bug,failing,3,smoke,baseline_no_recorder,compiler_c_scaled,true,56,14,0,0,0.001949,NA,NA,NA,NA,MEASURED,measured same scaled firmware/stimulus
mmio_ordering_bug,failing,4,smoke,baseline_no_recorder,compiler_c_scaled,true,56,14,0,0,0.001876,NA,NA,NA,NA,MEASURED,measured same scaled firmware/stimulus
mmio_ordering_bug,failing,5,smoke,baseline_no_recorder,compiler_c_scaled,true,56,14,0,0,0.001885,NA,NA,NA,NA,MEASURED,measured same scaled firmware/stimulus
mmio_ordering_bug,failing,1,short,baseline_no_recorder,compiler_c_scaled,true,1535,337,0,0,0.002185,NA,NA,NA,NA,MEASURED,measured same scaled firmware/stimulus
mmio_ordering_bug,failing,2,short,baseline_no_recorder,compiler_c_scaled,true,1535,337,0,0,0.002114,NA,NA,NA,NA,MEASURED,measured same scaled firmware/stimulus
mmio_ordering_bug,failing,3,short,baseline_no_recorder,compiler_c_scaled,true,1535,337,0,0,0.002142,NA,NA,NA,NA,MEASURED,measured same scaled firmware/stimulus
mmio_ordering_bug,failing,4,short,baseline_no_recorder,compiler_c_scaled,true,1535,337,0,0,0.002112,NA,NA,NA,NA,MEASURED,measured same scaled firmware/stimulus
mmio_ordering_bug,failing,5,short,baseline_no_recorder,compiler_c_scaled,true,1535,337,0,0,0.002191,NA,NA,NA,NA,MEASURED,measured same scaled firmware/stimulus
mmio_ordering_bug,failing,1,medium,baseline_no_recorder,compiler_c_scaled,true,5951,1297,0,0,0.002887,NA,NA,NA,NA,MEASURED,measured same scaled firmware/stimulus
mmio_ordering_bug,failing,2,medium,baseline_no_recorder,compiler_c_scaled,true,5951,1297,0,0,0.002894,NA,NA,NA,NA,MEASURED,measured same scaled firmware/stimulus
mmio_ordering_bug,failing,3,medium,baseline_no_recorder,compiler_c_scaled,true,5951,1297,0,0,0.002859,NA,NA,NA,NA,MEASURED,measured same scaled firmware/stimulus
mmio_ordering_bug,failing,4,medium,baseline_no_recorder,compiler_c_scaled,true,5951,1297,0,0,0.002828,NA,NA,NA,NA,MEASURED,measured same scaled firmware/stimulus
mmio_ordering_bug,failing,5,medium,baseline_no_recorder,compiler_c_scaled,true,5951,1297,0,0,0.002854,NA,NA,NA,NA,MEASURED,measured same scaled firmware/stimulus
mmio_ordering_bug,failing,1,long,baseline_no_recorder,compiler_c_scaled,true,23615,5137,0,0,0.005577,NA,NA,NA,NA,MEASURED,measured same scaled firmware/stimulus
mmio_ordering_bug,failing,2,long,baseline_no_recorder,compiler_c_scaled,true,23615,5137,0,0,0.005548,NA,NA,NA,NA,MEASURED,measured same scaled firmware/stimulus
mmio_ordering_bug,failing,3,long,baseline_no_recorder,compiler_c_scaled,true,23615,5137,0,0,0.005682,NA,NA,NA,NA,MEASURED,measured same scaled firmware/stimulus
mmio_ordering_bug,failing,4,long,baseline_no_recorder,compiler_c_scaled,true,23615,5137,0,0,0.005681,NA,NA,NA,NA,MEASURED,measured same scaled firmware/stimulus
mmio_ordering_bug,failing,5,long,baseline_no_recorder,compiler_c_scaled,true,23615,5137,0,0,0.005763,NA,NA,NA,NA,MEASURED,measured same scaled firmware/stimulus
mmio_ordering_bug,failing,1,stress,baseline_no_recorder,compiler_c_scaled,true,94271,20497,0,0,0.016702,NA,NA,NA,NA,MEASURED,measured same scaled firmware/stimulus
mmio_ordering_bug,failing,2,stress,baseline_no_recorder,compiler_c_scaled,true,94271,20497,0,0,0.016743,NA,NA,NA,NA,MEASURED,measured same scaled firmware/stimulus
mmio_ordering_bug,failing,3,stress,baseline_no_recorder,compiler_c_scaled,true,94271,20497,0,0,0.016847,NA,NA,NA,NA,MEASURED,measured same scaled firmware/stimulus
mmio_ordering_bug,failing,4,stress,baseline_no_recorder,compiler_c_scaled,true,94271,20497,0,0,0.016804,NA,NA,NA,NA,MEASURED,measured same scaled firmware/stimulus
mmio_ordering_bug,failing,5,stress,baseline_no_recorder,compiler_c_scaled,true,94271,20497,0,0,0.016966,NA,NA,NA,NA,MEASURED,measured same scaled firmware/stimulus
mmio_ordering_bug,fixed,1,smoke,baseline_no_recorder,compiler_c_scaled,true,5000,1661,0,0,0.002988,NA,NA,NA,NA,MEASURED,measured same scaled firmware/stimulus
mmio_ordering_bug,fixed,2,smoke,baseline_no_recorder,compiler_c_scaled,true,5000,1661,0,0,0.002833,NA,NA,NA,NA,MEASURED,measured same scaled firmware/stimulus
mmio_ordering_bug,fixed,3,smoke,baseline_no_recorder,compiler_c_scaled,true,5000,1661,0,0,0.002807,NA,NA,NA,NA,MEASURED,measured same scaled firmware/stimulus
mmio_ordering_bug,fixed,4,smoke,baseline_no_recorder,compiler_c_scaled,true,5000,1661,0,0,0.002718,NA,NA,NA,NA,MEASURED,measured same scaled firmware/stimulus
mmio_ordering_bug,fixed,5,smoke,baseline_no_recorder,compiler_c_scaled,true,5000,1661,0,0,0.002704,NA,NA,NA,NA,MEASURED,measured same scaled firmware/stimulus
mmio_ordering_bug,fixed,1,short,baseline_no_recorder,compiler_c_scaled,true,10000,3158,0,0,0.003550,NA,NA,NA,NA,MEASURED,measured same scaled firmware/stimulus
mmio_ordering_bug,fixed,2,short,baseline_no_recorder,compiler_c_scaled,true,10000,3158,0,0,0.003443,NA,NA,NA,NA,MEASURED,measured same scaled firmware/stimulus
mmio_ordering_bug,fixed,3,short,baseline_no_recorder,compiler_c_scaled,true,10000,3158,0,0,0.003478,NA,NA,NA,NA,MEASURED,measured same scaled firmware/stimulus
mmio_ordering_bug,fixed,4,short,baseline_no_recorder,compiler_c_scaled,true,10000,3158,0,0,0.003507,NA,NA,NA,NA,MEASURED,measured same scaled firmware/stimulus
mmio_ordering_bug,fixed,5,short,baseline_no_recorder,compiler_c_scaled,true,10000,3158,0,0,0.003502,NA,NA,NA,NA,MEASURED,measured same scaled firmware/stimulus
mmio_ordering_bug,fixed,1,medium,baseline_no_recorder,compiler_c_scaled,true,50000,15979,0,0,0.009830,NA,NA,NA,NA,MEASURED,measured same scaled firmware/stimulus
mmio_ordering_bug,fixed,2,medium,baseline_no_recorder,compiler_c_scaled,true,50000,15979,0,0,0.009911,NA,NA,NA,NA,MEASURED,measured same scaled firmware/stimulus
mmio_ordering_bug,fixed,3,medium,baseline_no_recorder,compiler_c_scaled,true,50000,15979,0,0,0.009938,NA,NA,NA,NA,MEASURED,measured same scaled firmware/stimulus
mmio_ordering_bug,fixed,4,medium,baseline_no_recorder,compiler_c_scaled,true,50000,15979,0,0,0.009935,NA,NA,NA,NA,MEASURED,measured same scaled firmware/stimulus
mmio_ordering_bug,fixed,5,medium,baseline_no_recorder,compiler_c_scaled,true,50000,15979,0,0,0.009958,NA,NA,NA,NA,MEASURED,measured same scaled firmware/stimulus
mmio_ordering_bug,fixed,1,long,baseline_no_recorder,compiler_c_scaled,true,100000,30598,0,0,0.017694,NA,NA,NA,NA,MEASURED,measured same scaled firmware/stimulus
mmio_ordering_bug,fixed,2,long,baseline_no_recorder,compiler_c_scaled,true,100000,30598,0,0,0.017818,NA,NA,NA,NA,MEASURED,measured same scaled firmware/stimulus
mmio_ordering_bug,fixed,3,long,baseline_no_recorder,compiler_c_scaled,true,100000,30598,0,0,0.017935,NA,NA,NA,NA,MEASURED,measured same scaled firmware/stimulus
mmio_ordering_bug,fixed,4,long,baseline_no_recorder,compiler_c_scaled,true,100000,30598,0,0,0.017653,NA,NA,NA,NA,MEASURED,measured same scaled firmware/stimulus
mmio_ordering_bug,fixed,5,long,baseline_no_recorder,compiler_c_scaled,true,100000,30598,0,0,0.017783,NA,NA,NA,NA,MEASURED,measured same scaled firmware/stimulus
mmio_ordering_bug,fixed,1,stress,baseline_no_recorder,compiler_c_scaled,true,200000,55739,0,0,0.033885,NA,NA,NA,NA,MEASURED,measured same scaled firmware/stimulus
mmio_ordering_bug,fixed,2,stress,baseline_no_recorder,compiler_c_scaled,true,200000,55739,0,0,0.033926,NA,NA,NA,NA,MEASURED,measured same scaled firmware/stimulus
mmio_ordering_bug,fixed,3,stress,baseline_no_recorder,compiler_c_scaled,true,200000,55739,0,0,0.033898,NA,NA,NA,NA,MEASURED,measured same scaled firmware/stimulus
mmio_ordering_bug,fixed,4,stress,baseline_no_recorder,compiler_c_scaled,true,200000,55739,0,0,0.033466,NA,NA,NA,NA,MEASURED,measured same scaled firmware/stimulus
mmio_ordering_bug,fixed,5,stress,baseline_no_recorder,compiler_c_scaled,true,200000,55739,0,0,0.033797,NA,NA,NA,NA,MEASURED,measured same scaled firmware/stimulus
stack_corruption_bug,failing,1,smoke,baseline_no_recorder,compiler_c_scaled,true,62,16,0,0,0.002611,NA,NA,NA,NA,MEASURED,measured same scaled firmware/stimulus
stack_corruption_bug,failing,2,smoke,baseline_no_recorder,compiler_c_scaled,true,62,16,0,0,0.002035,NA,NA,NA,NA,MEASURED,measured same scaled firmware/stimulus
stack_corruption_bug,failing,3,smoke,baseline_no_recorder,compiler_c_scaled,true,62,16,0,0,0.001913,NA,NA,NA,NA,MEASURED,measured same scaled firmware/stimulus
stack_corruption_bug,failing,4,smoke,baseline_no_recorder,compiler_c_scaled,true,62,16,0,0,0.001908,NA,NA,NA,NA,MEASURED,measured same scaled firmware/stimulus
stack_corruption_bug,failing,5,smoke,baseline_no_recorder,compiler_c_scaled,true,62,16,0,0,0.001958,NA,NA,NA,NA,MEASURED,measured same scaled firmware/stimulus
stack_corruption_bug,failing,1,short,baseline_no_recorder,compiler_c_scaled,true,1538,338,0,0,0.002097,NA,NA,NA,NA,MEASURED,measured same scaled firmware/stimulus
stack_corruption_bug,failing,2,short,baseline_no_recorder,compiler_c_scaled,true,1538,338,0,0,0.002065,NA,NA,NA,NA,MEASURED,measured same scaled firmware/stimulus
stack_corruption_bug,failing,3,short,baseline_no_recorder,compiler_c_scaled,true,1538,338,0,0,0.002168,NA,NA,NA,NA,MEASURED,measured same scaled firmware/stimulus
stack_corruption_bug,failing,4,short,baseline_no_recorder,compiler_c_scaled,true,1538,338,0,0,0.002241,NA,NA,NA,NA,MEASURED,measured same scaled firmware/stimulus
stack_corruption_bug,failing,5,short,baseline_no_recorder,compiler_c_scaled,true,1538,338,0,0,0.002134,NA,NA,NA,NA,MEASURED,measured same scaled firmware/stimulus
stack_corruption_bug,failing,1,medium,baseline_no_recorder,compiler_c_scaled,true,5954,1298,0,0,0.002800,NA,NA,NA,NA,MEASURED,measured same scaled firmware/stimulus
stack_corruption_bug,failing,2,medium,baseline_no_recorder,compiler_c_scaled,true,5954,1298,0,0,0.002915,NA,NA,NA,NA,MEASURED,measured same scaled firmware/stimulus
stack_corruption_bug,failing,3,medium,baseline_no_recorder,compiler_c_scaled,true,5954,1298,0,0,0.002882,NA,NA,NA,NA,MEASURED,measured same scaled firmware/stimulus
stack_corruption_bug,failing,4,medium,baseline_no_recorder,compiler_c_scaled,true,5954,1298,0,0,0.002837,NA,NA,NA,NA,MEASURED,measured same scaled firmware/stimulus
stack_corruption_bug,failing,5,medium,baseline_no_recorder,compiler_c_scaled,true,5954,1298,0,0,0.002866,NA,NA,NA,NA,MEASURED,measured same scaled firmware/stimulus
stack_corruption_bug,failing,1,long,baseline_no_recorder,compiler_c_scaled,true,23618,5138,0,0,0.005631,NA,NA,NA,NA,MEASURED,measured same scaled firmware/stimulus
stack_corruption_bug,failing,2,long,baseline_no_recorder,compiler_c_scaled,true,23618,5138,0,0,0.005657,NA,NA,NA,NA,MEASURED,measured same scaled firmware/stimulus
stack_corruption_bug,failing,3,long,baseline_no_recorder,compiler_c_scaled,true,23618,5138,0,0,0.005707,NA,NA,NA,NA,MEASURED,measured same scaled firmware/stimulus
stack_corruption_bug,failing,4,long,baseline_no_recorder,compiler_c_scaled,true,23618,5138,0,0,0.005585,NA,NA,NA,NA,MEASURED,measured same scaled firmware/stimulus
stack_corruption_bug,failing,5,long,baseline_no_recorder,compiler_c_scaled,true,23618,5138,0,0,0.005793,NA,NA,NA,NA,MEASURED,measured same scaled firmware/stimulus
stack_corruption_bug,failing,1,stress,baseline_no_recorder,compiler_c_scaled,true,94274,20498,0,0,0.016771,NA,NA,NA,NA,MEASURED,measured same scaled firmware/stimulus
stack_corruption_bug,failing,2,stress,baseline_no_recorder,compiler_c_scaled,true,94274,20498,0,0,0.016674,NA,NA,NA,NA,MEASURED,measured same scaled firmware/stimulus
stack_corruption_bug,failing,3,stress,baseline_no_recorder,compiler_c_scaled,true,94274,20498,0,0,0.016653,NA,NA,NA,NA,MEASURED,measured same scaled firmware/stimulus
stack_corruption_bug,failing,4,stress,baseline_no_recorder,compiler_c_scaled,true,94274,20498,0,0,0.017063,NA,NA,NA,NA,MEASURED,measured same scaled firmware/stimulus
stack_corruption_bug,failing,5,stress,baseline_no_recorder,compiler_c_scaled,true,94274,20498,0,0,0.017405,NA,NA,NA,NA,MEASURED,measured same scaled firmware/stimulus
stack_corruption_bug,fixed,1,smoke,baseline_no_recorder,compiler_c_scaled,true,5000,1660,0,0,0.002729,NA,NA,NA,NA,MEASURED,measured same scaled firmware/stimulus
stack_corruption_bug,fixed,2,smoke,baseline_no_recorder,compiler_c_scaled,true,5000,1660,0,0,0.002784,NA,NA,NA,NA,MEASURED,measured same scaled firmware/stimulus
stack_corruption_bug,fixed,3,smoke,baseline_no_recorder,compiler_c_scaled,true,5000,1660,0,0,0.002721,NA,NA,NA,NA,MEASURED,measured same scaled firmware/stimulus
stack_corruption_bug,fixed,4,smoke,baseline_no_recorder,compiler_c_scaled,true,5000,1660,0,0,0.002706,NA,NA,NA,NA,MEASURED,measured same scaled firmware/stimulus
stack_corruption_bug,fixed,5,smoke,baseline_no_recorder,compiler_c_scaled,true,5000,1660,0,0,0.002756,NA,NA,NA,NA,MEASURED,measured same scaled firmware/stimulus
stack_corruption_bug,fixed,1,short,baseline_no_recorder,compiler_c_scaled,true,10000,3157,0,0,0.003537,NA,NA,NA,NA,MEASURED,measured same scaled firmware/stimulus
stack_corruption_bug,fixed,2,short,baseline_no_recorder,compiler_c_scaled,true,10000,3157,0,0,0.003448,NA,NA,NA,NA,MEASURED,measured same scaled firmware/stimulus
stack_corruption_bug,fixed,3,short,baseline_no_recorder,compiler_c_scaled,true,10000,3157,0,0,0.003468,NA,NA,NA,NA,MEASURED,measured same scaled firmware/stimulus
stack_corruption_bug,fixed,4,short,baseline_no_recorder,compiler_c_scaled,true,10000,3157,0,0,0.003473,NA,NA,NA,NA,MEASURED,measured same scaled firmware/stimulus
stack_corruption_bug,fixed,5,short,baseline_no_recorder,compiler_c_scaled,true,10000,3157,0,0,0.003457,NA,NA,NA,NA,MEASURED,measured same scaled firmware/stimulus
stack_corruption_bug,fixed,1,medium,baseline_no_recorder,compiler_c_scaled,true,50000,15978,0,0,0.009878,NA,NA,NA,NA,MEASURED,measured same scaled firmware/stimulus
stack_corruption_bug,fixed,2,medium,baseline_no_recorder,compiler_c_scaled,true,50000,15978,0,0,0.009884,NA,NA,NA,NA,MEASURED,measured same scaled firmware/stimulus
stack_corruption_bug,fixed,3,medium,baseline_no_recorder,compiler_c_scaled,true,50000,15978,0,0,0.014353,NA,NA,NA,NA,MEASURED,measured same scaled firmware/stimulus
stack_corruption_bug,fixed,4,medium,baseline_no_recorder,compiler_c_scaled,true,50000,15978,0,0,0.009779,NA,NA,NA,NA,MEASURED,measured same scaled firmware/stimulus
stack_corruption_bug,fixed,5,medium,baseline_no_recorder,compiler_c_scaled,true,50000,15978,0,0,0.009852,NA,NA,NA,NA,MEASURED,measured same scaled firmware/stimulus
stack_corruption_bug,fixed,1,long,baseline_no_recorder,compiler_c_scaled,true,100000,30597,0,0,0.017786,NA,NA,NA,NA,MEASURED,measured same scaled firmware/stimulus
stack_corruption_bug,fixed,2,long,baseline_no_recorder,compiler_c_scaled,true,100000,30597,0,0,0.018062,NA,NA,NA,NA,MEASURED,measured same scaled firmware/stimulus
stack_corruption_bug,fixed,3,long,baseline_no_recorder,compiler_c_scaled,true,100000,30597,0,0,0.017824,NA,NA,NA,NA,MEASURED,measured same scaled firmware/stimulus
stack_corruption_bug,fixed,4,long,baseline_no_recorder,compiler_c_scaled,true,100000,30597,0,0,0.018044,NA,NA,NA,NA,MEASURED,measured same scaled firmware/stimulus
stack_corruption_bug,fixed,5,long,baseline_no_recorder,compiler_c_scaled,true,100000,30597,0,0,0.017944,NA,NA,NA,NA,MEASURED,measured same scaled firmware/stimulus
stack_corruption_bug,fixed,1,stress,baseline_no_recorder,compiler_c_scaled,true,200000,55738,0,0,0.033565,NA,NA,NA,NA,MEASURED,measured same scaled firmware/stimulus
stack_corruption_bug,fixed,2,stress,baseline_no_recorder,compiler_c_scaled,true,200000,55738,0,0,0.033960,NA,NA,NA,NA,MEASURED,measured same scaled firmware/stimulus
stack_corruption_bug,fixed,3,stress,baseline_no_recorder,compiler_c_scaled,true,200000,55738,0,0,0.033908,NA,NA,NA,NA,MEASURED,measured same scaled firmware/stimulus
stack_corruption_bug,fixed,4,stress,baseline_no_recorder,compiler_c_scaled,true,200000,55738,0,0,0.034329,NA,NA,NA,NA,MEASURED,measured same scaled firmware/stimulus
stack_corruption_bug,fixed,5,stress,baseline_no_recorder,compiler_c_scaled,true,200000,55738,0,0,0.034316,NA,NA,NA,NA,MEASURED,measured same scaled firmware/stimulus
uart_command_bug,failing,1,smoke,baseline_no_recorder,compiler_c_scaled,true,67,17,0,0,0.002398,NA,NA,NA,NA,MEASURED,measured same scaled firmware/stimulus
uart_command_bug,failing,2,smoke,baseline_no_recorder,compiler_c_scaled,true,67,17,0,0,0.001995,NA,NA,NA,NA,MEASURED,measured same scaled firmware/stimulus
uart_command_bug,failing,3,smoke,baseline_no_recorder,compiler_c_scaled,true,67,17,0,0,0.002020,NA,NA,NA,NA,MEASURED,measured same scaled firmware/stimulus
uart_command_bug,failing,4,smoke,baseline_no_recorder,compiler_c_scaled,true,67,17,0,0,0.001886,NA,NA,NA,NA,MEASURED,measured same scaled firmware/stimulus
uart_command_bug,failing,5,smoke,baseline_no_recorder,compiler_c_scaled,true,67,17,0,0,0.002978,NA,NA,NA,NA,MEASURED,measured same scaled firmware/stimulus
uart_command_bug,failing,1,short,baseline_no_recorder,compiler_c_scaled,true,1543,339,0,0,0.002124,NA,NA,NA,NA,MEASURED,measured same scaled firmware/stimulus
uart_command_bug,failing,2,short,baseline_no_recorder,compiler_c_scaled,true,1543,339,0,0,0.002183,NA,NA,NA,NA,MEASURED,measured same scaled firmware/stimulus
uart_command_bug,failing,3,short,baseline_no_recorder,compiler_c_scaled,true,1543,339,0,0,0.002149,NA,NA,NA,NA,MEASURED,measured same scaled firmware/stimulus
uart_command_bug,failing,4,short,baseline_no_recorder,compiler_c_scaled,true,1543,339,0,0,0.002141,NA,NA,NA,NA,MEASURED,measured same scaled firmware/stimulus
uart_command_bug,failing,5,short,baseline_no_recorder,compiler_c_scaled,true,1543,339,0,0,0.002150,NA,NA,NA,NA,MEASURED,measured same scaled firmware/stimulus
uart_command_bug,failing,1,medium,baseline_no_recorder,compiler_c_scaled,true,5959,1299,0,0,0.002830,NA,NA,NA,NA,MEASURED,measured same scaled firmware/stimulus
uart_command_bug,failing,2,medium,baseline_no_recorder,compiler_c_scaled,true,5959,1299,0,0,0.002902,NA,NA,NA,NA,MEASURED,measured same scaled firmware/stimulus
uart_command_bug,failing,3,medium,baseline_no_recorder,compiler_c_scaled,true,5959,1299,0,0,0.002793,NA,NA,NA,NA,MEASURED,measured same scaled firmware/stimulus
uart_command_bug,failing,4,medium,baseline_no_recorder,compiler_c_scaled,true,5959,1299,0,0,0.002886,NA,NA,NA,NA,MEASURED,measured same scaled firmware/stimulus
uart_command_bug,failing,5,medium,baseline_no_recorder,compiler_c_scaled,true,5959,1299,0,0,0.002790,NA,NA,NA,NA,MEASURED,measured same scaled firmware/stimulus
uart_command_bug,failing,1,long,baseline_no_recorder,compiler_c_scaled,true,23623,5139,0,0,0.005630,NA,NA,NA,NA,MEASURED,measured same scaled firmware/stimulus
uart_command_bug,failing,2,long,baseline_no_recorder,compiler_c_scaled,true,23623,5139,0,0,0.005676,NA,NA,NA,NA,MEASURED,measured same scaled firmware/stimulus
uart_command_bug,failing,3,long,baseline_no_recorder,compiler_c_scaled,true,23623,5139,0,0,0.005692,NA,NA,NA,NA,MEASURED,measured same scaled firmware/stimulus
uart_command_bug,failing,4,long,baseline_no_recorder,compiler_c_scaled,true,23623,5139,0,0,0.005624,NA,NA,NA,NA,MEASURED,measured same scaled firmware/stimulus
uart_command_bug,failing,5,long,baseline_no_recorder,compiler_c_scaled,true,23623,5139,0,0,0.005720,NA,NA,NA,NA,MEASURED,measured same scaled firmware/stimulus
uart_command_bug,failing,1,stress,baseline_no_recorder,compiler_c_scaled,true,94279,20499,0,0,0.016613,NA,NA,NA,NA,MEASURED,measured same scaled firmware/stimulus
uart_command_bug,failing,2,stress,baseline_no_recorder,compiler_c_scaled,true,94279,20499,0,0,0.016802,NA,NA,NA,NA,MEASURED,measured same scaled firmware/stimulus
uart_command_bug,failing,3,stress,baseline_no_recorder,compiler_c_scaled,true,94279,20499,0,0,0.016616,NA,NA,NA,NA,MEASURED,measured same scaled firmware/stimulus
uart_command_bug,failing,4,stress,baseline_no_recorder,compiler_c_scaled,true,94279,20499,0,0,0.016779,NA,NA,NA,NA,MEASURED,measured same scaled firmware/stimulus
uart_command_bug,failing,5,stress,baseline_no_recorder,compiler_c_scaled,true,94279,20499,0,0,0.016835,NA,NA,NA,NA,MEASURED,measured same scaled firmware/stimulus
uart_command_bug,fixed,1,smoke,baseline_no_recorder,compiler_c_scaled,true,5000,1661,0,0,0.002938,NA,NA,NA,NA,MEASURED,measured same scaled firmware/stimulus
uart_command_bug,fixed,2,smoke,baseline_no_recorder,compiler_c_scaled,true,5000,1661,0,0,0.002726,NA,NA,NA,NA,MEASURED,measured same scaled firmware/stimulus
uart_command_bug,fixed,3,smoke,baseline_no_recorder,compiler_c_scaled,true,5000,1661,0,0,0.002777,NA,NA,NA,NA,MEASURED,measured same scaled firmware/stimulus
uart_command_bug,fixed,4,smoke,baseline_no_recorder,compiler_c_scaled,true,5000,1661,0,0,0.002634,NA,NA,NA,NA,MEASURED,measured same scaled firmware/stimulus
uart_command_bug,fixed,5,smoke,baseline_no_recorder,compiler_c_scaled,true,5000,1661,0,0,0.002698,NA,NA,NA,NA,MEASURED,measured same scaled firmware/stimulus
uart_command_bug,fixed,1,short,baseline_no_recorder,compiler_c_scaled,true,10000,3158,0,0,0.003590,NA,NA,NA,NA,MEASURED,measured same scaled firmware/stimulus
uart_command_bug,fixed,2,short,baseline_no_recorder,compiler_c_scaled,true,10000,3158,0,0,0.003524,NA,NA,NA,NA,MEASURED,measured same scaled firmware/stimulus
uart_command_bug,fixed,3,short,baseline_no_recorder,compiler_c_scaled,true,10000,3158,0,0,0.003524,NA,NA,NA,NA,MEASURED,measured same scaled firmware/stimulus
uart_command_bug,fixed,4,short,baseline_no_recorder,compiler_c_scaled,true,10000,3158,0,0,0.003504,NA,NA,NA,NA,MEASURED,measured same scaled firmware/stimulus
uart_command_bug,fixed,5,short,baseline_no_recorder,compiler_c_scaled,true,10000,3158,0,0,0.003476,NA,NA,NA,NA,MEASURED,measured same scaled firmware/stimulus
uart_command_bug,fixed,1,medium,baseline_no_recorder,compiler_c_scaled,true,50000,15979,0,0,0.009842,NA,NA,NA,NA,MEASURED,measured same scaled firmware/stimulus
uart_command_bug,fixed,2,medium,baseline_no_recorder,compiler_c_scaled,true,50000,15979,0,0,0.009782,NA,NA,NA,NA,MEASURED,measured same scaled firmware/stimulus
uart_command_bug,fixed,3,medium,baseline_no_recorder,compiler_c_scaled,true,50000,15979,0,0,0.009978,NA,NA,NA,NA,MEASURED,measured same scaled firmware/stimulus
uart_command_bug,fixed,4,medium,baseline_no_recorder,compiler_c_scaled,true,50000,15979,0,0,0.009874,NA,NA,NA,NA,MEASURED,measured same scaled firmware/stimulus
uart_command_bug,fixed,5,medium,baseline_no_recorder,compiler_c_scaled,true,50000,15979,0,0,0.009840,NA,NA,NA,NA,MEASURED,measured same scaled firmware/stimulus
uart_command_bug,fixed,1,long,baseline_no_recorder,compiler_c_scaled,true,100000,30598,0,0,0.017636,NA,NA,NA,NA,MEASURED,measured same scaled firmware/stimulus
uart_command_bug,fixed,2,long,baseline_no_recorder,compiler_c_scaled,true,100000,30598,0,0,0.017902,NA,NA,NA,NA,MEASURED,measured same scaled firmware/stimulus
uart_command_bug,fixed,3,long,baseline_no_recorder,compiler_c_scaled,true,100000,30598,0,0,0.018073,NA,NA,NA,NA,MEASURED,measured same scaled firmware/stimulus
uart_command_bug,fixed,4,long,baseline_no_recorder,compiler_c_scaled,true,100000,30598,0,0,0.017949,NA,NA,NA,NA,MEASURED,measured same scaled firmware/stimulus
uart_command_bug,fixed,5,long,baseline_no_recorder,compiler_c_scaled,true,100000,30598,0,0,0.017830,NA,NA,NA,NA,MEASURED,measured same scaled firmware/stimulus
uart_command_bug,fixed,1,stress,baseline_no_recorder,compiler_c_scaled,true,200000,55739,0,0,0.035818,NA,NA,NA,NA,MEASURED,measured same scaled firmware/stimulus
uart_command_bug,fixed,2,stress,baseline_no_recorder,compiler_c_scaled,true,200000,55739,0,0,0.035791,NA,NA,NA,NA,MEASURED,measured same scaled firmware/stimulus
uart_command_bug,fixed,3,stress,baseline_no_recorder,compiler_c_scaled,true,200000,55739,0,0,0.033630,NA,NA,NA,NA,MEASURED,measured same scaled firmware/stimulus
uart_command_bug,fixed,4,stress,baseline_no_recorder,compiler_c_scaled,true,200000,55739,0,0,0.033507,NA,NA,NA,NA,MEASURED,measured same scaled firmware/stimulus
uart_command_bug,fixed,5,stress,baseline_no_recorder,compiler_c_scaled,true,200000,55739,0,0,0.034190,NA,NA,NA,NA,MEASURED,measured same scaled firmware/stimulus
uart_command_bug,no_failure_edge,1,smoke,baseline_no_recorder,compiler_c_scaled,true,5000,1661,0,0,0.003347,NA,NA,NA,NA,MEASURED,measured same scaled firmware/stimulus
uart_command_bug,no_failure_edge,2,smoke,baseline_no_recorder,compiler_c_scaled,true,5000,1661,0,0,0.002845,NA,NA,NA,NA,MEASURED,measured same scaled firmware/stimulus
uart_command_bug,no_failure_edge,3,smoke,baseline_no_recorder,compiler_c_scaled,true,5000,1661,0,0,0.002837,NA,NA,NA,NA,MEASURED,measured same scaled firmware/stimulus
uart_command_bug,no_failure_edge,4,smoke,baseline_no_recorder,compiler_c_scaled,true,5000,1661,0,0,0.002888,NA,NA,NA,NA,MEASURED,measured same scaled firmware/stimulus
uart_command_bug,no_failure_edge,5,smoke,baseline_no_recorder,compiler_c_scaled,true,5000,1661,0,0,0.002818,NA,NA,NA,NA,MEASURED,measured same scaled firmware/stimulus
uart_command_bug,no_failure_edge,1,short,baseline_no_recorder,compiler_c_scaled,true,10000,3158,0,0,0.003552,NA,NA,NA,NA,MEASURED,measured same scaled firmware/stimulus
uart_command_bug,no_failure_edge,2,short,baseline_no_recorder,compiler_c_scaled,true,10000,3158,0,0,0.003572,NA,NA,NA,NA,MEASURED,measured same scaled firmware/stimulus
uart_command_bug,no_failure_edge,3,short,baseline_no_recorder,compiler_c_scaled,true,10000,3158,0,0,0.003622,NA,NA,NA,NA,MEASURED,measured same scaled firmware/stimulus
uart_command_bug,no_failure_edge,4,short,baseline_no_recorder,compiler_c_scaled,true,10000,3158,0,0,0.003567,NA,NA,NA,NA,MEASURED,measured same scaled firmware/stimulus
uart_command_bug,no_failure_edge,5,short,baseline_no_recorder,compiler_c_scaled,true,10000,3158,0,0,0.003542,NA,NA,NA,NA,MEASURED,measured same scaled firmware/stimulus
uart_command_bug,no_failure_edge,1,medium,baseline_no_recorder,compiler_c_scaled,true,50000,15979,0,0,0.009894,NA,NA,NA,NA,MEASURED,measured same scaled firmware/stimulus
uart_command_bug,no_failure_edge,2,medium,baseline_no_recorder,compiler_c_scaled,true,50000,15979,0,0,0.010025,NA,NA,NA,NA,MEASURED,measured same scaled firmware/stimulus
uart_command_bug,no_failure_edge,3,medium,baseline_no_recorder,compiler_c_scaled,true,50000,15979,0,0,0.010071,NA,NA,NA,NA,MEASURED,measured same scaled firmware/stimulus
uart_command_bug,no_failure_edge,4,medium,baseline_no_recorder,compiler_c_scaled,true,50000,15979,0,0,0.009833,NA,NA,NA,NA,MEASURED,measured same scaled firmware/stimulus
uart_command_bug,no_failure_edge,5,medium,baseline_no_recorder,compiler_c_scaled,true,50000,15979,0,0,0.009951,NA,NA,NA,NA,MEASURED,measured same scaled firmware/stimulus
uart_command_bug,no_failure_edge,1,long,baseline_no_recorder,compiler_c_scaled,true,100000,30598,0,0,0.017951,NA,NA,NA,NA,MEASURED,measured same scaled firmware/stimulus
uart_command_bug,no_failure_edge,2,long,baseline_no_recorder,compiler_c_scaled,true,100000,30598,0,0,0.018154,NA,NA,NA,NA,MEASURED,measured same scaled firmware/stimulus
uart_command_bug,no_failure_edge,3,long,baseline_no_recorder,compiler_c_scaled,true,100000,30598,0,0,0.018293,NA,NA,NA,NA,MEASURED,measured same scaled firmware/stimulus
uart_command_bug,no_failure_edge,4,long,baseline_no_recorder,compiler_c_scaled,true,100000,30598,0,0,0.018247,NA,NA,NA,NA,MEASURED,measured same scaled firmware/stimulus
uart_command_bug,no_failure_edge,5,long,baseline_no_recorder,compiler_c_scaled,true,100000,30598,0,0,0.017981,NA,NA,NA,NA,MEASURED,measured same scaled firmware/stimulus
uart_command_bug,no_failure_edge,1,stress,baseline_no_recorder,compiler_c_scaled,true,200000,55739,0,0,0.034001,NA,NA,NA,NA,MEASURED,measured same scaled firmware/stimulus
uart_command_bug,no_failure_edge,2,stress,baseline_no_recorder,compiler_c_scaled,true,200000,55739,0,0,0.035425,NA,NA,NA,NA,MEASURED,measured same scaled firmware/stimulus
uart_command_bug,no_failure_edge,3,stress,baseline_no_recorder,compiler_c_scaled,true,200000,55739,0,0,0.033957,NA,NA,NA,NA,MEASURED,measured same scaled firmware/stimulus
uart_command_bug,no_failure_edge,4,stress,baseline_no_recorder,compiler_c_scaled,true,200000,55739,0,0,0.034241,NA,NA,NA,NA,MEASURED,measured same scaled firmware/stimulus
uart_command_bug,no_failure_edge,5,stress,baseline_no_recorder,compiler_c_scaled,true,200000,55739,0,0,0.034131,NA,NA,NA,NA,MEASURED,measured same scaled firmware/stimulus
watchdog_timeout_bug,failing,1,smoke,baseline_no_recorder,compiler_c_scaled,true,98,25,0,0,0.002562,NA,NA,NA,NA,MEASURED,measured same scaled firmware/stimulus
watchdog_timeout_bug,failing,2,smoke,baseline_no_recorder,compiler_c_scaled,true,98,25,0,0,0.002009,NA,NA,NA,NA,MEASURED,measured same scaled firmware/stimulus
watchdog_timeout_bug,failing,3,smoke,baseline_no_recorder,compiler_c_scaled,true,98,25,0,0,0.002072,NA,NA,NA,NA,MEASURED,measured same scaled firmware/stimulus
watchdog_timeout_bug,failing,4,smoke,baseline_no_recorder,compiler_c_scaled,true,98,25,0,0,0.002234,NA,NA,NA,NA,MEASURED,measured same scaled firmware/stimulus
watchdog_timeout_bug,failing,5,smoke,baseline_no_recorder,compiler_c_scaled,true,98,25,0,0,0.002020,NA,NA,NA,NA,MEASURED,measured same scaled firmware/stimulus
watchdog_timeout_bug,failing,1,short,baseline_no_recorder,compiler_c_scaled,true,1577,348,0,0,0.002168,NA,NA,NA,NA,MEASURED,measured same scaled firmware/stimulus
watchdog_timeout_bug,failing,2,short,baseline_no_recorder,compiler_c_scaled,true,1577,348,0,0,0.002218,NA,NA,NA,NA,MEASURED,measured same scaled firmware/stimulus
watchdog_timeout_bug,failing,3,short,baseline_no_recorder,compiler_c_scaled,true,1577,348,0,0,0.002167,NA,NA,NA,NA,MEASURED,measured same scaled firmware/stimulus
watchdog_timeout_bug,failing,4,short,baseline_no_recorder,compiler_c_scaled,true,1577,348,0,0,0.002164,NA,NA,NA,NA,MEASURED,measured same scaled firmware/stimulus
watchdog_timeout_bug,failing,5,short,baseline_no_recorder,compiler_c_scaled,true,1577,348,0,0,0.002182,NA,NA,NA,NA,MEASURED,measured same scaled firmware/stimulus
watchdog_timeout_bug,failing,1,medium,baseline_no_recorder,compiler_c_scaled,true,5993,1308,0,0,0.002928,NA,NA,NA,NA,MEASURED,measured same scaled firmware/stimulus
watchdog_timeout_bug,failing,2,medium,baseline_no_recorder,compiler_c_scaled,true,5993,1308,0,0,0.002865,NA,NA,NA,NA,MEASURED,measured same scaled firmware/stimulus
watchdog_timeout_bug,failing,3,medium,baseline_no_recorder,compiler_c_scaled,true,5993,1308,0,0,0.002916,NA,NA,NA,NA,MEASURED,measured same scaled firmware/stimulus
watchdog_timeout_bug,failing,4,medium,baseline_no_recorder,compiler_c_scaled,true,5993,1308,0,0,0.002838,NA,NA,NA,NA,MEASURED,measured same scaled firmware/stimulus
watchdog_timeout_bug,failing,5,medium,baseline_no_recorder,compiler_c_scaled,true,5993,1308,0,0,0.002852,NA,NA,NA,NA,MEASURED,measured same scaled firmware/stimulus
watchdog_timeout_bug,failing,1,long,baseline_no_recorder,compiler_c_scaled,true,23657,5148,0,0,0.005662,NA,NA,NA,NA,MEASURED,measured same scaled firmware/stimulus
watchdog_timeout_bug,failing,2,long,baseline_no_recorder,compiler_c_scaled,true,23657,5148,0,0,0.005721,NA,NA,NA,NA,MEASURED,measured same scaled firmware/stimulus
watchdog_timeout_bug,failing,3,long,baseline_no_recorder,compiler_c_scaled,true,23657,5148,0,0,0.005666,NA,NA,NA,NA,MEASURED,measured same scaled firmware/stimulus
watchdog_timeout_bug,failing,4,long,baseline_no_recorder,compiler_c_scaled,true,23657,5148,0,0,0.005773,NA,NA,NA,NA,MEASURED,measured same scaled firmware/stimulus
watchdog_timeout_bug,failing,5,long,baseline_no_recorder,compiler_c_scaled,true,23657,5148,0,0,0.005901,NA,NA,NA,NA,MEASURED,measured same scaled firmware/stimulus
watchdog_timeout_bug,failing,1,stress,baseline_no_recorder,compiler_c_scaled,true,94313,20508,0,0,0.017157,NA,NA,NA,NA,MEASURED,measured same scaled firmware/stimulus
watchdog_timeout_bug,failing,2,stress,baseline_no_recorder,compiler_c_scaled,true,94313,20508,0,0,0.017272,NA,NA,NA,NA,MEASURED,measured same scaled firmware/stimulus
watchdog_timeout_bug,failing,3,stress,baseline_no_recorder,compiler_c_scaled,true,94313,20508,0,0,0.017245,NA,NA,NA,NA,MEASURED,measured same scaled firmware/stimulus
watchdog_timeout_bug,failing,4,stress,baseline_no_recorder,compiler_c_scaled,true,94313,20508,0,0,0.017031,NA,NA,NA,NA,MEASURED,measured same scaled firmware/stimulus
watchdog_timeout_bug,failing,5,stress,baseline_no_recorder,compiler_c_scaled,true,94313,20508,0,0,0.017027,NA,NA,NA,NA,MEASURED,measured same scaled firmware/stimulus
watchdog_timeout_bug,fixed,1,smoke,baseline_no_recorder,compiler_c_scaled,true,5000,1657,0,0,0.003007,NA,NA,NA,NA,MEASURED,measured same scaled firmware/stimulus
watchdog_timeout_bug,fixed,2,smoke,baseline_no_recorder,compiler_c_scaled,true,5000,1657,0,0,0.002721,NA,NA,NA,NA,MEASURED,measured same scaled firmware/stimulus
watchdog_timeout_bug,fixed,3,smoke,baseline_no_recorder,compiler_c_scaled,true,5000,1657,0,0,0.002720,NA,NA,NA,NA,MEASURED,measured same scaled firmware/stimulus
watchdog_timeout_bug,fixed,4,smoke,baseline_no_recorder,compiler_c_scaled,true,5000,1657,0,0,0.002730,NA,NA,NA,NA,MEASURED,measured same scaled firmware/stimulus
watchdog_timeout_bug,fixed,5,smoke,baseline_no_recorder,compiler_c_scaled,true,5000,1657,0,0,0.002697,NA,NA,NA,NA,MEASURED,measured same scaled firmware/stimulus
watchdog_timeout_bug,fixed,1,short,baseline_no_recorder,compiler_c_scaled,true,10000,3154,0,0,0.003452,NA,NA,NA,NA,MEASURED,measured same scaled firmware/stimulus
watchdog_timeout_bug,fixed,2,short,baseline_no_recorder,compiler_c_scaled,true,10000,3154,0,0,0.003576,NA,NA,NA,NA,MEASURED,measured same scaled firmware/stimulus
watchdog_timeout_bug,fixed,3,short,baseline_no_recorder,compiler_c_scaled,true,10000,3154,0,0,0.003543,NA,NA,NA,NA,MEASURED,measured same scaled firmware/stimulus
watchdog_timeout_bug,fixed,4,short,baseline_no_recorder,compiler_c_scaled,true,10000,3154,0,0,0.003509,NA,NA,NA,NA,MEASURED,measured same scaled firmware/stimulus
watchdog_timeout_bug,fixed,5,short,baseline_no_recorder,compiler_c_scaled,true,10000,3154,0,0,0.003489,NA,NA,NA,NA,MEASURED,measured same scaled firmware/stimulus
watchdog_timeout_bug,fixed,1,medium,baseline_no_recorder,compiler_c_scaled,true,50000,15975,0,0,0.009823,NA,NA,NA,NA,MEASURED,measured same scaled firmware/stimulus
watchdog_timeout_bug,fixed,2,medium,baseline_no_recorder,compiler_c_scaled,true,50000,15975,0,0,0.009813,NA,NA,NA,NA,MEASURED,measured same scaled firmware/stimulus
watchdog_timeout_bug,fixed,3,medium,baseline_no_recorder,compiler_c_scaled,true,50000,15975,0,0,0.010139,NA,NA,NA,NA,MEASURED,measured same scaled firmware/stimulus
watchdog_timeout_bug,fixed,4,medium,baseline_no_recorder,compiler_c_scaled,true,50000,15975,0,0,0.010202,NA,NA,NA,NA,MEASURED,measured same scaled firmware/stimulus
watchdog_timeout_bug,fixed,5,medium,baseline_no_recorder,compiler_c_scaled,true,50000,15975,0,0,0.010007,NA,NA,NA,NA,MEASURED,measured same scaled firmware/stimulus
watchdog_timeout_bug,fixed,1,long,baseline_no_recorder,compiler_c_scaled,true,100000,30594,0,0,0.018082,NA,NA,NA,NA,MEASURED,measured same scaled firmware/stimulus
watchdog_timeout_bug,fixed,2,long,baseline_no_recorder,compiler_c_scaled,true,100000,30594,0,0,0.018398,NA,NA,NA,NA,MEASURED,measured same scaled firmware/stimulus
watchdog_timeout_bug,fixed,3,long,baseline_no_recorder,compiler_c_scaled,true,100000,30594,0,0,0.018261,NA,NA,NA,NA,MEASURED,measured same scaled firmware/stimulus
watchdog_timeout_bug,fixed,4,long,baseline_no_recorder,compiler_c_scaled,true,100000,30594,0,0,0.018429,NA,NA,NA,NA,MEASURED,measured same scaled firmware/stimulus
watchdog_timeout_bug,fixed,5,long,baseline_no_recorder,compiler_c_scaled,true,100000,30594,0,0,0.019232,NA,NA,NA,NA,MEASURED,measured same scaled firmware/stimulus
watchdog_timeout_bug,fixed,1,stress,baseline_no_recorder,compiler_c_scaled,true,200000,55735,0,0,0.034197,NA,NA,NA,NA,MEASURED,measured same scaled firmware/stimulus
watchdog_timeout_bug,fixed,2,stress,baseline_no_recorder,compiler_c_scaled,true,200000,55735,0,0,0.034401,NA,NA,NA,NA,MEASURED,measured same scaled firmware/stimulus
watchdog_timeout_bug,fixed,3,stress,baseline_no_recorder,compiler_c_scaled,true,200000,55735,0,0,0.034016,NA,NA,NA,NA,MEASURED,measured same scaled firmware/stimulus
watchdog_timeout_bug,fixed,4,stress,baseline_no_recorder,compiler_c_scaled,true,200000,55735,0,0,0.033916,NA,NA,NA,NA,MEASURED,measured same scaled firmware/stimulus
watchdog_timeout_bug,fixed,5,stress,baseline_no_recorder,compiler_c_scaled,true,200000,55735,0,0,0.034208,NA,NA,NA,NA,MEASURED,measured same scaled firmware/stimulus
watchdog_timeout_bug,no_failure_edge,1,smoke,baseline_no_recorder,compiler_c_scaled,true,5000,1660,0,0,0.003050,NA,NA,NA,NA,MEASURED,measured same scaled firmware/stimulus
watchdog_timeout_bug,no_failure_edge,2,smoke,baseline_no_recorder,compiler_c_scaled,true,5000,1660,0,0,0.002771,NA,NA,NA,NA,MEASURED,measured same scaled firmware/stimulus
watchdog_timeout_bug,no_failure_edge,3,smoke,baseline_no_recorder,compiler_c_scaled,true,5000,1660,0,0,0.002705,NA,NA,NA,NA,MEASURED,measured same scaled firmware/stimulus
watchdog_timeout_bug,no_failure_edge,4,smoke,baseline_no_recorder,compiler_c_scaled,true,5000,1660,0,0,0.002713,NA,NA,NA,NA,MEASURED,measured same scaled firmware/stimulus
watchdog_timeout_bug,no_failure_edge,5,smoke,baseline_no_recorder,compiler_c_scaled,true,5000,1660,0,0,0.002773,NA,NA,NA,NA,MEASURED,measured same scaled firmware/stimulus
watchdog_timeout_bug,no_failure_edge,1,short,baseline_no_recorder,compiler_c_scaled,true,10000,3157,0,0,0.003524,NA,NA,NA,NA,MEASURED,measured same scaled firmware/stimulus
watchdog_timeout_bug,no_failure_edge,2,short,baseline_no_recorder,compiler_c_scaled,true,10000,3157,0,0,0.003456,NA,NA,NA,NA,MEASURED,measured same scaled firmware/stimulus
watchdog_timeout_bug,no_failure_edge,3,short,baseline_no_recorder,compiler_c_scaled,true,10000,3157,0,0,0.003432,NA,NA,NA,NA,MEASURED,measured same scaled firmware/stimulus
watchdog_timeout_bug,no_failure_edge,4,short,baseline_no_recorder,compiler_c_scaled,true,10000,3157,0,0,0.003680,NA,NA,NA,NA,MEASURED,measured same scaled firmware/stimulus
watchdog_timeout_bug,no_failure_edge,5,short,baseline_no_recorder,compiler_c_scaled,true,10000,3157,0,0,0.003512,NA,NA,NA,NA,MEASURED,measured same scaled firmware/stimulus
watchdog_timeout_bug,no_failure_edge,1,medium,baseline_no_recorder,compiler_c_scaled,true,50000,15978,0,0,0.009775,NA,NA,NA,NA,MEASURED,measured same scaled firmware/stimulus
watchdog_timeout_bug,no_failure_edge,2,medium,baseline_no_recorder,compiler_c_scaled,true,50000,15978,0,0,0.009948,NA,NA,NA,NA,MEASURED,measured same scaled firmware/stimulus
watchdog_timeout_bug,no_failure_edge,3,medium,baseline_no_recorder,compiler_c_scaled,true,50000,15978,0,0,0.009964,NA,NA,NA,NA,MEASURED,measured same scaled firmware/stimulus
watchdog_timeout_bug,no_failure_edge,4,medium,baseline_no_recorder,compiler_c_scaled,true,50000,15978,0,0,0.009858,NA,NA,NA,NA,MEASURED,measured same scaled firmware/stimulus
watchdog_timeout_bug,no_failure_edge,5,medium,baseline_no_recorder,compiler_c_scaled,true,50000,15978,0,0,0.009800,NA,NA,NA,NA,MEASURED,measured same scaled firmware/stimulus
watchdog_timeout_bug,no_failure_edge,1,long,baseline_no_recorder,compiler_c_scaled,true,100000,30597,0,0,0.017809,NA,NA,NA,NA,MEASURED,measured same scaled firmware/stimulus
watchdog_timeout_bug,no_failure_edge,2,long,baseline_no_recorder,compiler_c_scaled,true,100000,30597,0,0,0.017828,NA,NA,NA,NA,MEASURED,measured same scaled firmware/stimulus
watchdog_timeout_bug,no_failure_edge,3,long,baseline_no_recorder,compiler_c_scaled,true,100000,30597,0,0,0.017935,NA,NA,NA,NA,MEASURED,measured same scaled firmware/stimulus
watchdog_timeout_bug,no_failure_edge,4,long,baseline_no_recorder,compiler_c_scaled,true,100000,30597,0,0,0.017849,NA,NA,NA,NA,MEASURED,measured same scaled firmware/stimulus
watchdog_timeout_bug,no_failure_edge,5,long,baseline_no_recorder,compiler_c_scaled,true,100000,30597,0,0,0.017850,NA,NA,NA,NA,MEASURED,measured same scaled firmware/stimulus
watchdog_timeout_bug,no_failure_edge,1,stress,baseline_no_recorder,compiler_c_scaled,true,200000,55738,0,0,0.033467,NA,NA,NA,NA,MEASURED,measured same scaled firmware/stimulus
watchdog_timeout_bug,no_failure_edge,2,stress,baseline_no_recorder,compiler_c_scaled,true,200000,55738,0,0,0.033704,NA,NA,NA,NA,MEASURED,measured same scaled firmware/stimulus
watchdog_timeout_bug,no_failure_edge,3,stress,baseline_no_recorder,compiler_c_scaled,true,200000,55738,0,0,0.034014,NA,NA,NA,NA,MEASURED,measured same scaled firmware/stimulus
watchdog_timeout_bug,no_failure_edge,4,stress,baseline_no_recorder,compiler_c_scaled,true,200000,55738,0,0,0.033944,NA,NA,NA,NA,MEASURED,measured same scaled firmware/stimulus
watchdog_timeout_bug,no_failure_edge,5,stress,baseline_no_recorder,compiler_c_scaled,true,200000,55738,0,0,0.033929,NA,NA,NA,NA,MEASURED,measured same scaled firmware/stimulus
ALL,ALL,ALL,smoke,v2_recorder_present_disabled,compiler_c_scaled,true,NA,NA,NA,NA,NA,NA,NA,NA,baseline_no_recorder,BLOCKED,no v2 runtime harness exposes recorder_present_disabled or per-config enabled modes yet
ALL,ALL,ALL,smoke,v2_recorder_enabled_core,compiler_c_scaled,true,NA,NA,NA,NA,NA,NA,NA,NA,baseline_no_recorder,BLOCKED,no v2 runtime harness exposes recorder_present_disabled or per-config enabled modes yet
ALL,ALL,ALL,smoke,v2_recorder_enabled_hashed,compiler_c_scaled,true,NA,NA,NA,NA,NA,NA,NA,NA,baseline_no_recorder,BLOCKED,no v2 runtime harness exposes recorder_present_disabled or per-config enabled modes yet
ALL,ALL,ALL,smoke,v2_recorder_enabled_full,compiler_c_scaled,true,NA,NA,NA,NA,NA,NA,NA,NA,baseline_no_recorder,BLOCKED,no v2 runtime harness exposes recorder_present_disabled or per-config enabled modes yet
ALL,ALL,ALL,short,v2_recorder_present_disabled,compiler_c_scaled,true,NA,NA,NA,NA,NA,NA,NA,NA,baseline_no_recorder,BLOCKED,no v2 runtime harness exposes recorder_present_disabled or per-config enabled modes yet
ALL,ALL,ALL,short,v2_recorder_enabled_core,compiler_c_scaled,true,NA,NA,NA,NA,NA,NA,NA,NA,baseline_no_recorder,BLOCKED,no v2 runtime harness exposes recorder_present_disabled or per-config enabled modes yet
ALL,ALL,ALL,short,v2_recorder_enabled_hashed,compiler_c_scaled,true,NA,NA,NA,NA,NA,NA,NA,NA,baseline_no_recorder,BLOCKED,no v2 runtime harness exposes recorder_present_disabled or per-config enabled modes yet
ALL,ALL,ALL,short,v2_recorder_enabled_full,compiler_c_scaled,true,NA,NA,NA,NA,NA,NA,NA,NA,baseline_no_recorder,BLOCKED,no v2 runtime harness exposes recorder_present_disabled or per-config enabled modes yet
ALL,ALL,ALL,medium,v2_recorder_present_disabled,compiler_c_scaled,true,NA,NA,NA,NA,NA,NA,NA,NA,baseline_no_recorder,BLOCKED,no v2 runtime harness exposes recorder_present_disabled or per-config enabled modes yet
ALL,ALL,ALL,medium,v2_recorder_enabled_core,compiler_c_scaled,true,NA,NA,NA,NA,NA,NA,NA,NA,baseline_no_recorder,BLOCKED,no v2 runtime harness exposes recorder_present_disabled or per-config enabled modes yet
ALL,ALL,ALL,medium,v2_recorder_enabled_hashed,compiler_c_scaled,true,NA,NA,NA,NA,NA,NA,NA,NA,baseline_no_recorder,BLOCKED,no v2 runtime harness exposes recorder_present_disabled or per-config enabled modes yet
ALL,ALL,ALL,medium,v2_recorder_enabled_full,compiler_c_scaled,true,NA,NA,NA,NA,NA,NA,NA,NA,baseline_no_recorder,BLOCKED,no v2 runtime harness exposes recorder_present_disabled or per-config enabled modes yet
ALL,ALL,ALL,long,v2_recorder_present_disabled,compiler_c_scaled,true,NA,NA,NA,NA,NA,NA,NA,NA,baseline_no_recorder,BLOCKED,no v2 runtime harness exposes recorder_present_disabled or per-config enabled modes yet
ALL,ALL,ALL,long,v2_recorder_enabled_core,compiler_c_scaled,true,NA,NA,NA,NA,NA,NA,NA,NA,baseline_no_recorder,BLOCKED,no v2 runtime harness exposes recorder_present_disabled or per-config enabled modes yet
ALL,ALL,ALL,long,v2_recorder_enabled_hashed,compiler_c_scaled,true,NA,NA,NA,NA,NA,NA,NA,NA,baseline_no_recorder,BLOCKED,no v2 runtime harness exposes recorder_present_disabled or per-config enabled modes yet
ALL,ALL,ALL,long,v2_recorder_enabled_full,compiler_c_scaled,true,NA,NA,NA,NA,NA,NA,NA,NA,baseline_no_recorder,BLOCKED,no v2 runtime harness exposes recorder_present_disabled or per-config enabled modes yet
ALL,ALL,ALL,stress,v2_recorder_present_disabled,compiler_c_scaled,true,NA,NA,NA,NA,NA,NA,NA,NA,baseline_no_recorder,BLOCKED,no v2 runtime harness exposes recorder_present_disabled or per-config enabled modes yet
ALL,ALL,ALL,stress,v2_recorder_enabled_core,compiler_c_scaled,true,NA,NA,NA,NA,NA,NA,NA,NA,baseline_no_recorder,BLOCKED,no v2 runtime harness exposes recorder_present_disabled or per-config enabled modes yet
ALL,ALL,ALL,stress,v2_recorder_enabled_hashed,compiler_c_scaled,true,NA,NA,NA,NA,NA,NA,NA,NA,baseline_no_recorder,BLOCKED,no v2 runtime harness exposes recorder_present_disabled or per-config enabled modes yet
ALL,ALL,ALL,stress,v2_recorder_enabled_full,compiler_c_scaled,true,NA,NA,NA,NA,NA,NA,NA,NA,baseline_no_recorder,BLOCKED,no v2 runtime harness exposes recorder_present_disabled or per-config enabled modes yet
